File,File.Name,Number.of.observations,population,measure,description,year,elig,race_code,sex_code,adjust,dual,url
,Mdcr_pmt_Final_long.csv,7497844,f,b,Medicare Reimbursement,2,,,,,,mdcr_pmt_final_long_12_18
dual all,Dschrg_Final_long_dual_all.csv,9424772,f,d,Discharge Destination,2,,,,,.,dschrg_final_long_dual_all_12_18
dual 0,Dschrg_Final_long_dual_0.csv,8122052,f,d,Discharge Destination,2,,,,,0,dschrg_final_long_dual_0_12_18
dual 1,Dschrg_Final_long_dual_1.csv,6318880,f,d,Discharge Destination,2,,,,,1,dschrg_final_long_dual_1_12_18
,Ipdays_Final_long 12-18.csv,7497844,f,i,Inpatient Days,2,,,,,,ipdays_final_long_12_18
,Mortality_Final_long 12-18.csv,3944721,f,m,Mortality ,2,,,,,,mortality_final_long_12_18
dual all,Admsn_Final_long_dual_all.csv,9425012,f,n,Admission Type,2,,,,,.,admsn_final_long_dual_all_12_18
dual 0,Admsn_Final_long_dual_0.csv,8122188,f,n,Admission Type,2,,,,,0,admsn_final_long_dual_0_12_18
dual 1,Admsn_Final_long_dual_1.csv,6319016,f,n,Admission Type,2,,,,,1,admsn_final_long_dual_1_12_18
"year 2-7, fltr 1, dual all, eligcat all, sexcat all",Principalcost_Final_long_year_2_7_fltr_1_dual_all_eligcat_all_sexcat_all.csv,11686440,f,p,principal cost,2,.,,.,1,.,principalcost_final_long_year_2_7_fltr_1_dual_all_eligcat_all_sexcat_all
"year 2-7, fltr 1, dual 0, eligcat all, sexcat all",Principalcost_Final_long_year_2_7_fltr_1_dual_0_eligcat_all_sexcat_all.csv,9946465,f,p,principal cost,2,.,,.,1,0,principalcost_final_long_year_2_7_fltr_1_dual_0_eligcat_all_sexcat_all
"year 2-7, fltr 1, dual all, eligcat all, sexcat 1",Principalcost_Final_long_year_2_7_fltr_1_dual_all_eligcat_all_sexcat_1.csv,9025286,f,p,principal cost,2,.,,1,1,.,principalcost_final_long_year_2_7_fltr_1_dual_all_eligcat_all_sexcat_1
"year 2-7, fltr 1, dual 0, eligcat all, sexcat 1",Principalcost_Final_long_year_2_7_fltr_1_dual_0_eligcat_all_sexcat_1.csv,7699956,f,p,principal cost,2,.,,1,1,0,principalcost_final_long_year_2_7_fltr_1_dual_0_eligcat_all_sexcat_1
"year 2-7, fltr 1, dual all, eligcat all, sexcat 2",Principalcost_Final_long_year_2_7_fltr_1_dual_all_eligcat_all_sexcat_2.csv,9795167,f,p,principal cost,2,.,,2,1,.,principalcost_final_long_year_2_7_fltr_1_dual_all_eligcat_all_sexcat_2
"year 2-7, fltr 1, dual 0, eligcat all, sexcat 2",Principalcost_Final_long_year_2_7_fltr_1_dual_0_eligcat_all_sexcat_2.csv,8112130,f,p,principal cost,2,.,,2,1,0,principalcost_final_long_year_2_7_fltr_1_dual_0_eligcat_all_sexcat_2
"year 2-7, fltr 1, dual 1, eligcat all",Principalcost_Final_long_year_2_7_fltr_1_dual_1_eligcat_all.csv,19886046,f,p,principal cost,2,.,,,1,1,principalcost_final_long_year_2_7_fltr_1_dual_1_eligcat_all
"year 2-7, fltr 2, dual all, eligcat all",Principalcost_Final_long_year_2_7_fltr_2_dual_all_eligcat_all.csv,7158026,f,p,principal cost,2,.,,,2,.,principalcost_final_long_year_2_7_fltr_2_dual_all_eligcat_all
"year 2-7, fltr 2, dual 0, eligcat all",Principalcost_Final_long_year_2_7_fltr_2_dual_0_eligcat_all.csv,5990036,f,p,principal cost,2,.,,,2,0,principalcost_final_long_year_2_7_fltr_2_dual_0_eligcat_all
"year 2-7, fltr 2, dual 1, eligcat all",Principalcost_Final_long_year_2_7_fltr_2_dual_1_eligcat_all.csv,5224346,f,p,principal cost,2,.,,,2,1,principalcost_final_long_year_2_7_fltr_2_dual_1_eligcat_all
"fltr 1, dual all, eligcat 0, sexcat all",Principalcost_Final_long_fltr_1_dual_all_eligcat_0_sexcat_all.csv,9905318,f,p,principal cost,2,0,,.,1,.,principalcost_final_long_fltr_1_dual_all_eligcat_0_sexcat_all
"fltr 1, dual 0, eligcat 0, sexcat all",Principalcost_Final_long_fltr_1_dual_0_eligcat_0_sexcat_all.csv,9112789,f,p,principal cost,2,0,,.,1,0,principalcost_final_long_fltr_1_dual_0_eligcat_0_sexcat_all
"fltr 1, dual all, eligcat 0, sexcat 1",Principalcost_Final_long_fltr_1_dual_all_eligcat_0_sexcat_1.csv,7419561,f,p,principal cost,2,0,,1,1,.,principalcost_final_long_fltr_1_dual_all_eligcat_0_sexcat_1
"fltr 1, dual 0, eligcat 0, sexcat 1",Principalcost_Final_long_fltr_1_dual_0_eligcat_0_sexcat_1.csv,6913513,f,p,principal cost,2,0,,1,1,0,principalcost_final_long_fltr_1_dual_0_eligcat_0_sexcat_1
"fltr 1, dual all, eligcat 0, sexcat 2",Principalcost_Final_long_fltr_1_dual_all_eligcat_0_sexcat_2.csv,8456659,f,p,principal cost,2,0,,2,1,.,principalcost_final_long_fltr_1_dual_all_eligcat_0_sexcat_2
"fltr 1, dual 0, eligcat 0, sexcat 2",Principalcost_Final_long_fltr_1_dual_0_eligcat_0_sexcat_2.csv,7654747,f,p,principal cost,2,0,,2,1,0,principalcost_final_long_fltr_1_dual_0_eligcat_0_sexcat_2
"fltr 1, dual 1, eligcat 0",Principalcost_Final_long_fltr_1_dual_1_eligcat_0.csv,12893086,f,p,Principal Cost,2,0,,,1,1,principalcost_final_long_fltr_1_dual_1_eligcat_0
"fltr 2, dual all, eligcat 0",Principalcost_Final_long_fltr_2_dual_all_eligcat_0.csv,6886931,f,p,Principal Cost,2,0,,,2,.,principalcost_final_long_fltr_2_dual_all_eligcat_0
"fltr 2, dual 0, eligcat 0",Principalcost_Final_long_fltr_2_dual_0_eligcat_0.csv,6375699,f,p,Principal Cost,2,0,,,2,0,principalcost_final_long_fltr_2_dual_0_eligcat_0
"fltr 2, dual 1, eligcat 0",Principalcost_Final_long_fltr_2_dual_1_eligcat_0.csv,3471389,f,p,Principal Cost,2,0,,,2,1,principalcost_final_long_fltr_2_dual_1_eligcat_0
"fltr 1, dual all, eligcat 1, sexcat all",Principalcost_Final_long_fltr_1_dual_all_eligcat_1_sexcat_all.csv,9185084,f,p,principal cost,2,1,,.,1,.,principalcost_final_long_fltr_1_dual_all_eligcat_1_sexcat_all
"fltr 1, dual all, eligcat 1, sexcat 1",Principalcost_Final_long_fltr_1_dual_all_eligcat_1_sexcat_1.csv,6816872,f,p,principal cost,2,1,,1,1,.,principalcost_final_long_fltr_1_dual_all_eligcat_1_sexcat_1
"fltr 1, dual all, eligcat 1, sexcat 2",Principalcost_Final_long_fltr_1_dual_all_eligcat_1_sexcat_2.csv,7117722,f,p,principal cost,2,1,,2,1,.,principalcost_final_long_fltr_1_dual_all_eligcat_1_sexcat_2
"fltr 1, dual 0, eligcat 1",Principalcost_Final_long_fltr_1_dual_0_eligcat_1.csv,16943607,f,p,Principal Cost,2,1,,,1,0,principalcost_final_long_fltr_1_dual_0_eligcat_1
"fltr 1, dual 1, eligcat 1",Principalcost_Final_long_fltr_1_dual_1_eligcat_1.csv,16591943,f,p,Principal Cost,2,1,,,1,1,principalcost_final_long_fltr_1_dual_1_eligcat_1
"fltr 2, dual all, eligcat 1",Principalcost_Final_long_fltr_2_dual_all_eligcat_1.csv,6871434,f,p,Principal Cost,2,1,,,2,.,principalcost_final_long_fltr_2_dual_all_eligcat_1
"fltr 2, dual 0, eligcat 1",Principalcost_Final_long_fltr_2_dual_0_eligcat_1.csv,4793434,f,p,Principal Cost,2,1,,,2,0,principalcost_final_long_fltr_2_dual_0_eligcat_1
"fltr 2, dual 1, eligcat 1",Principalcost_Final_long_fltr_2_dual_1_eligcat_1.csv,5645615,f,p,Principal Cost,2,1,,,2,1,principalcost_final_long_fltr_2_dual_1_eligcat_1
"fltr 1, dual all, eligcat 2",Principalcost_Final_long_fltr_1_dual_all_eligcat_2.csv,1541227,f,p,Principal Cost,2,2,,,1,.,principalcost_final_long_fltr_1_dual_all_eligcat_2
"fltr 1, dual 0, eligcat 2",Principalcost_Final_long_fltr_1_dual_0_eligcat_2.csv,835429,f,p,Principal Cost,2,2,,,1,0,principalcost_final_long_fltr_1_dual_0_eligcat_2
"fltr 1, dual 1, eligcat 2",Principalcost_Final_long_fltr_1_dual_1_eligcat_2.csv,860766,f,p,Principal Cost,2,2,,,1,1,principalcost_final_long_fltr_1_dual_1_eligcat_2
"fltr 2, dual all, eligcat 2",Principalcost_Final_long_fltr_2_dual_all_eligcat_2.csv,574149,f,p,Principal Cost,2,2,,,2,.,principalcost_final_long_fltr_2_dual_all_eligcat_2
"fltr 2, dual 0, eligcat 2",Principalcost_Final_long_fltr_2_dual_0_eligcat_2.csv,277932,f,p,Principal Cost,2,2,,,2,0,principalcost_final_long_fltr_2_dual_0_eligcat_2
"fltr 2, dual 1, eligcat 2",Principalcost_Final_long_fltr_2_dual_1_eligcat_2.csv,359124,f,p,Principal Cost,2,2,,,2,1,principalcost_final_long_fltr_2_dual_1_eligcat_2
"fltr 1, dual all, eligcat 3",Principalcost_Final_long_fltr_1_dual_all_eligcat_3.csv,1906692,f,p,Principal Cost,2,3,,,1,.,principalcost_final_long_fltr_1_dual_all_eligcat_3
"fltr 1, dual 0, eligcat 3",Principalcost_Final_long_fltr_1_dual_0_eligcat_3.csv,1033267,f,p,Principal Cost,2,3,,,1,0,principalcost_final_long_fltr_1_dual_0_eligcat_3
"fltr 1, dual 1, eligcat 3",Principalcost_Final_long_fltr_1_dual_1_eligcat_3.csv,1041144,f,p,Principal Cost,2,3,,,1,1,principalcost_final_long_fltr_1_dual_1_eligcat_3
"fltr 2, dual all, eligcat 3",Principalcost_Final_long_fltr_2_dual_all_eligcat_3.csv,753220,f,p,Principal Cost,2,3,,,2,.,principalcost_final_long_fltr_2_dual_all_eligcat_3
"fltr 2, dual 0, eligcat 3",Principalcost_Final_long_fltr_2_dual_0_eligcat_3.csv,372203,f,p,Principal Cost,2,3,,,2,0,principalcost_final_long_fltr_2_dual_0_eligcat_3
"fltr 2, dual 1, eligcat 3",Principalcost_Final_long_fltr_2_dual_1_eligcat_3.csv,446589,f,p,Principal Cost,2,3,,,2,1,principalcost_final_long_fltr_2_dual_1_eligcat_3
,Readmission_Final_long 12-18.csv,10064948,f,r,Readmission ,2,,,,,,readmission_final_long_12_18
sexcat all,PSI_Final_long_sex_all.csv,15317798,f,s,PSI,2,,,.,,,psi_final_long_sex_all_12_18
sexcat 1,PSI_Final_long_sex_1.csv,11246642,f,s,PSI,2,,,1,,,psi_final_long_sex_1_12_18
sexcat 2,PSI_Final_long_sex_2.csv,11723352,f,s,PSI,2,,,2,,,psi_final_long_sex_2_12_18
"year 2, dual all",Riskcost_Final_long_year_2_dual_all.csv,15733645,f,a,Risk-adj Total Cost,2,,,,,.,riskcost_final_long_year_2_dual_all
"year 2, dual 0",Riskcost_Final_long_year_2_dual_0.csv,12779453,f,a,Risk-adj Total Cost,2,,,,,0,riskcost_final_long_year_2_dual_0
"year 2, dual 1",Riskcost_Final_long_year_2_dual_1.csv,10137954,f,a,Risk-adj Total Cost,2,,,,,1,riskcost_final_long_year_2_dual_1
"year 3, dual all",Riskcost_Final_long_year_3_dual_all.csv,15861139,f,a,Risk-adj Total Cost,3,,,,,.,riskcost_final_long_year_3_dual_all
"year 3, dual 0",Riskcost_Final_long_year_3_dual_0.csv,12925591,f,a,Risk-adj Total Cost,3,,,,,0,riskcost_final_long_year_3_dual_0
"year 3, dual 1",Riskcost_Final_long_year_3_dual_1.csv,10174700,f,a,Risk-adj Total Cost,3,,,,,1,riskcost_final_long_year_3_dual_1
"year 4, dual all",Riskcost_Final_long_year_4_dual_all.csv,15954102,f,a,Risk-adj Total Cost,4,,,,,.,riskcost_final_long_year_4_dual_all
"year 4, dual 0",Riskcost_Final_long_year_4_dual_0.csv,13053180,f,a,Risk-adj Total Cost,4,,,,,0,riskcost_final_long_year_4_dual_0
"year 4, dual 1",Riskcost_Final_long_year_4_dual_1.csv,10148895,f,a,Risk-adj Total Cost,4,,,,,1,riskcost_final_long_year_4_dual_1
"year 5, dual all",Riskcost_Final_long_year_5_dual_all.csv,16208544,f,a,Risk-adj Total Cost,5,,,,,.,riskcost_final_long_year_5_dual_all
"year 5, dual 0",Riskcost_Final_long_year_5_dual_0.csv,13324672,f,a,Risk-adj Total Cost,5,,,,,0,riskcost_final_long_year_5_dual_0
"year 5, dual 1",Riskcost_Final_long_year_5_dual_1.csv,10233574,f,a,Risk-adj Total Cost,5,,,,,1,riskcost_final_long_year_5_dual_1
"year 6, dual all",Riskcost_Final_long_year_6_dual_all.csv,16625121,f,a,Risk-adj Total Cost,6,,,,,.,riskcost_final_long_year_6_dual_all
"year 6, dual 0",Riskcost_Final_long_year_6_dual_0.csv,13650033,f,a,Risk-adj Total Cost,6,,,,,0,riskcost_final_long_year_6_dual_0
"year 6, dual 1",Riskcost_Final_long_year_6_dual_1.csv,10534325,f,a,Risk-adj Total Cost,6,,,,,1,riskcost_final_long_year_6_dual_1
"year 7, dual all",Riskcost_Final_long_year_7_dual_all.csv,16804521,f,a,Risk-adj Total Cost,7,,,,,.,riskcost_final_long_year_7_dual_all
"year 7, dual 0",Riskcost_Final_long_year_7_dual_0.csv,13817311,f,a,Risk-adj Total Cost,7,,,,,0,riskcost_final_long_year_7_dual_0
"year 7, dual 1",Riskcost_Final_long_year_7_dual_1.csv,10623317,f,a,Risk-adj Total Cost,7,,,,,1,riskcost_final_long_year_7_dual_1
"year 8, dual all",Riskcost_Final_long_year_8_dual_all.csv,16875335,f,a,Risk-adj Total Cost,8,,,,,.,riskcost_final_long_year_8_dual_all
"year 8, dual 0",Riskcost_Final_long_year_8_dual_0.csv,13912761,f,a,Risk-adj Total Cost,8,,,,,0,riskcost_final_long_year_8_dual_0
"year 8, dual 1",Riskcost_Final_long_year_8_dual_1.csv,10587870,f,a,Risk-adj Total Cost,8,,,,,1,riskcost_final_long_year_8_dual_1
,Mdcr_pmt_Final_long.csv,7497844,f,b,Medicare Reimbursement,345678,,,,,,mdcr_pmt_final_long_12_18
"year 2, eligcat all , dual all",Precare_Final_long_year_2_eligcat_all_dual_all.csv,10582030,f,c,preventive care,2,.,,,,.,precare_final_long_year_2_eligcat_all_dual_all
"year 2, eligcat all , dual 0",Precare_Final_long_year_2_eligcat_all_dual_0.csv,9804248,f,c,preventive care,2,.,,,,0,precare_final_long_year_2_eligcat_all_dual_0
"year 2, eligcat all , dual 1",Precare_Final_long_year_2_eligcat_all_dual_1.csv,8357767,f,c,preventive care,2,.,,,,1,precare_final_long_year_2_eligcat_all_dual_1
"year 2, eligcat 0, dual all",Precare_Final_long_year_2_eligcat_0_dual_all.csv,8452124,f,c,preventive care,2,0,,,,.,precare_final_long_year_2_eligcat_0_dual_all
"year 2, eligcat 0, dual 0",Precare_Final_long_year_2_eligcat_0_dual_0.csv,8065326,f,c,preventive care,2,0,,,,0,precare_final_long_year_2_eligcat_0_dual_0
"year 2, eligcat 0, dual 1",Precare_Final_long_year_2_eligcat_0_dual_1.csv,6121537,f,c,preventive care,2,0,,,,1,precare_final_long_year_2_eligcat_0_dual_1
"year 2, eligcat 1, dual all",Precare_Final_long_year_2_eligcat_1_dual_all.csv,8118246,f,c,preventive care,2,1,,,,.,precare_final_long_year_2_eligcat_1_dual_all
"year 2, eligcat 1, dual 0",Precare_Final_long_year_2_eligcat_1_dual_0.csv,7035579,f,c,preventive care,2,1,,,,0,precare_final_long_year_2_eligcat_1_dual_0
"year 2, eligcat 1, dual 1",Precare_Final_long_year_2_eligcat_1_dual_1.csv,6512693,f,c,preventive care,2,1,,,,1,precare_final_long_year_2_eligcat_1_dual_1
"year 2, eligcat 2",Precare_Final_long_year_2_eligcat_2.csv,3195145,f,c,Preventive Care,2,2,,,,,precare_final_long_year_2_eligcat_2
"year 2, eligcat 3",Precare_Final_long_year_2_eligcat_3.csv,4165687,f,c,Preventive Care,2,3,,,,,precare_final_long_year_2_eligcat_3
"year 3, eligcat all , dual all",Precare_Final_long_year_3_eligcat_all_dual_all.csv,10625884,f,c,preventive care,3,.,,,,.,precare_final_long_year_3_eligcat_all_dual_all
"year 3, eligcat all , dual 0",Precare_Final_long_year_3_eligcat_all_dual_0.csv,9849160,f,c,preventive care,3,.,,,,0,precare_final_long_year_3_eligcat_all_dual_0
"year 3, eligcat all , dual 1",Precare_Final_long_year_3_eligcat_all_dual_1.csv,8362768,f,c,preventive care,3,.,,,,1,precare_final_long_year_3_eligcat_all_dual_1
"year 3, eligcat 0, dual all",Precare_Final_long_year_3_eligcat_0_dual_all.csv,8483107,f,c,preventive care,3,0,,,,.,precare_final_long_year_3_eligcat_0_dual_all
"year 3, eligcat 0, dual 0",Precare_Final_long_year_3_eligcat_0_dual_0.csv,8104830,f,c,preventive care,3,0,,,,0,precare_final_long_year_3_eligcat_0_dual_0
"year 3, eligcat 0, dual 1",Precare_Final_long_year_3_eligcat_0_dual_1.csv,6102064,f,c,preventive care,3,0,,,,1,precare_final_long_year_3_eligcat_0_dual_1
"year 3, eligcat 1, dual all",Precare_Final_long_year_3_eligcat_1_dual_all.csv,8143134,f,c,preventive care,3,1,,,,.,precare_final_long_year_3_eligcat_1_dual_all
"year 3, eligcat 1, dual 0",Precare_Final_long_year_3_eligcat_1_dual_0.csv,7068735,f,c,preventive care,3,1,,,,0,precare_final_long_year_3_eligcat_1_dual_0
"year 3, eligcat 1, dual 1",Precare_Final_long_year_3_eligcat_1_dual_1.csv,6525065,f,c,preventive care,3,1,,,,1,precare_final_long_year_3_eligcat_1_dual_1
"year 3, eligcat 2",Precare_Final_long_year_3_eligcat_2.csv,3213786,f,c,Preventive Care,3,2,,,,,precare_final_long_year_3_eligcat_2
"year 3, eligcat 3",Precare_Final_long_year_3_eligcat_3.csv,4201219,f,c,Preventive Care,3,3,,,,,precare_final_long_year_3_eligcat_3
"year 4, eligcat all , dual all",Precare_Final_long_year_4_eligcat_all_dual_all.csv,10653547,f,c,preventive care,4,.,,,,.,precare_final_long_year_4_eligcat_all_dual_all
"year 4, eligcat all , dual 0",Precare_Final_long_year_4_eligcat_all_dual_0.csv,9895568,f,c,preventive care,4,.,,,,0,precare_final_long_year_4_eligcat_all_dual_0
"year 4, eligcat all , dual 1",Precare_Final_long_year_4_eligcat_all_dual_1.csv,8334071,f,c,preventive care,4,.,,,,1,precare_final_long_year_4_eligcat_all_dual_1
"year 4, eligcat 0, dual all",Precare_Final_long_year_4_eligcat_0_dual_all.csv,8518421,f,c,preventive care,4,0,,,,.,precare_final_long_year_4_eligcat_0_dual_all
"year 4, eligcat 0, dual 0",Precare_Final_long_year_4_eligcat_0_dual_0.csv,8145578,f,c,preventive care,4,0,,,,0,precare_final_long_year_4_eligcat_0_dual_0
"year 4, eligcat 0, dual 1",Precare_Final_long_year_4_eligcat_0_dual_1.csv,6073587,f,c,preventive care,4,0,,,,1,precare_final_long_year_4_eligcat_0_dual_1
"year 4, eligcat 1, dual all",Precare_Final_long_year_4_eligcat_1_dual_all.csv,8145523,f,c,preventive care,4,1,,,,.,precare_final_long_year_4_eligcat_1_dual_all
"year 4, eligcat 1, dual 0",Precare_Final_long_year_4_eligcat_1_dual_0.csv,7089724,f,c,preventive care,4,1,,,,0,precare_final_long_year_4_eligcat_1_dual_0
"year 4, eligcat 1, dual 1",Precare_Final_long_year_4_eligcat_1_dual_1.csv,6502420,f,c,preventive care,4,1,,,,1,precare_final_long_year_4_eligcat_1_dual_1
"year 4, eligcat 2",Precare_Final_long_year_4_eligcat_2.csv,3356225,f,c,Preventive Care,4,2,,,,,precare_final_long_year_4_eligcat_2
"year 4, eligcat 3",Precare_Final_long_year_4_eligcat_3.csv,4066396,f,c,Preventive Care,4,3,,,,,precare_final_long_year_4_eligcat_3
"year 5, eligcat all , dual all",Precare_Final_long_year_5_eligcat_all_dual_all.csv,10706528,f,c,preventive care,5,.,,,,.,precare_final_long_year_5_eligcat_all_dual_all
"year 5, eligcat all , dual 0",Precare_Final_long_year_5_eligcat_all_dual_0.csv,9959352,f,c,preventive care,5,.,,,,0,precare_final_long_year_5_eligcat_all_dual_0
"year 5, eligcat all , dual 1",Precare_Final_long_year_5_eligcat_all_dual_1.csv,8332181,f,c,preventive care,5,.,,,,1,precare_final_long_year_5_eligcat_all_dual_1
"year 5, eligcat 0, dual all",Precare_Final_long_year_5_eligcat_0_dual_all.csv,8580283,f,c,preventive care,5,0,,,,.,precare_final_long_year_5_eligcat_0_dual_all
"year 5, eligcat 0, dual 0",Precare_Final_long_year_5_eligcat_0_dual_0.csv,8216212,f,c,preventive care,5,0,,,,0,precare_final_long_year_5_eligcat_0_dual_0
"year 5, eligcat 0, dual 1",Precare_Final_long_year_5_eligcat_0_dual_1.csv,6072569,f,c,preventive care,5,0,,,,1,precare_final_long_year_5_eligcat_0_dual_1
"year 5, eligcat 1, dual all",Precare_Final_long_year_5_eligcat_1_dual_all.csv,8171614,f,c,preventive care,5,1,,,,.,precare_final_long_year_5_eligcat_1_dual_all
"year 5, eligcat 1, dual 0",Precare_Final_long_year_5_eligcat_1_dual_0.csv,7122390,f,c,preventive care,5,1,,,,0,precare_final_long_year_5_eligcat_1_dual_0
"year 5, eligcat 1, dual 1",Precare_Final_long_year_5_eligcat_1_dual_1.csv,6502533,f,c,preventive care,5,1,,,,1,precare_final_long_year_5_eligcat_1_dual_1
"year 5, eligcat 2",Precare_Final_long_year_5_eligcat_2.csv,3580267,f,c,Preventive Care,5,2,,,,,precare_final_long_year_5_eligcat_2
"year 5, eligcat 3",Precare_Final_long_year_5_eligcat_3.csv,3895919,f,c,Preventive Care,5,3,,,,,precare_final_long_year_5_eligcat_3
"year 6, eligcat all , dual all",Precare_Final_long_year_6_eligcat_all_dual_all.csv,10741069,f,c,preventive care,6,.,,,,.,precare_final_long_year_6_eligcat_all_dual_all
"year 6, eligcat all , dual 0",Precare_Final_long_year_6_eligcat_all_dual_0.csv,9975665,f,c,preventive care,6,.,,,,0,precare_final_long_year_6_eligcat_all_dual_0
"year 6, eligcat all , dual 1",Precare_Final_long_year_6_eligcat_all_dual_1.csv,8393931,f,c,preventive care,6,.,,,,1,precare_final_long_year_6_eligcat_all_dual_1
"year 6, eligcat 0, dual all",Precare_Final_long_year_6_eligcat_0_dual_all.csv,8606794,f,c,preventive care,6,0,,,,.,precare_final_long_year_6_eligcat_0_dual_all
"year 6, eligcat 0, dual 0",Precare_Final_long_year_6_eligcat_0_dual_0.csv,8240610,f,c,preventive care,6,0,,,,0,precare_final_long_year_6_eligcat_0_dual_0
"year 6, eligcat 0, dual 1",Precare_Final_long_year_6_eligcat_0_dual_1.csv,6117791,f,c,preventive care,6,0,,,,1,precare_final_long_year_6_eligcat_0_dual_1
"year 6, eligcat 1, dual all",Precare_Final_long_year_6_eligcat_1_dual_all.csv,8195107,f,c,preventive care,6,1,,,,.,precare_final_long_year_6_eligcat_1_dual_all
"year 6, eligcat 1, dual 0",Precare_Final_long_year_6_eligcat_1_dual_0.csv,7112130,f,c,preventive care,6,1,,,,0,precare_final_long_year_6_eligcat_1_dual_0
"year 6, eligcat 1, dual 1",Precare_Final_long_year_6_eligcat_1_dual_1.csv,6561956,f,c,preventive care,6,1,,,,1,precare_final_long_year_6_eligcat_1_dual_1
"year 6, eligcat 2",Precare_Final_long_year_6_eligcat_2.csv,3790272,f,c,Preventive Care,6,2,,,,,precare_final_long_year_6_eligcat_2
"year 6, eligcat 3",Precare_Final_long_year_6_eligcat_3.csv,3717832,f,c,Preventive Care,6,3,,,,,precare_final_long_year_6_eligcat_3
"year 7, eligcat all , dual all",Precare_Final_long_year_7_eligcat_all_dual_all.csv,10760332,f,c,preventive care,7,.,,,,.,precare_final_long_year_7_eligcat_all_dual_all
"year 7, eligcat all , dual 0",Precare_Final_long_year_7_eligcat_all_dual_0.csv,9992683,f,c,preventive care,7,.,,,,0,precare_final_long_year_7_eligcat_all_dual_0
"year 7, eligcat all , dual 1",Precare_Final_long_year_7_eligcat_all_dual_1.csv,8399375,f,c,preventive care,7,.,,,,1,precare_final_long_year_7_eligcat_all_dual_1
"year 7, eligcat 0, dual all",Precare_Final_long_year_7_eligcat_0_dual_all.csv,8624198,f,c,preventive care,7,0,,,,.,precare_final_long_year_7_eligcat_0_dual_all
"year 7, eligcat 0, dual 0",Precare_Final_long_year_7_eligcat_0_dual_0.csv,8259438,f,c,preventive care,7,0,,,,0,precare_final_long_year_7_eligcat_0_dual_0
"year 7, eligcat 0, dual 1",Precare_Final_long_year_7_eligcat_0_dual_1.csv,6123725,f,c,preventive care,7,0,,,,1,precare_final_long_year_7_eligcat_0_dual_1
"year 7, eligcat 1, dual all",Precare_Final_long_year_7_eligcat_1_dual_all.csv,8213900,f,c,preventive care,7,1,,,,.,precare_final_long_year_7_eligcat_1_dual_all
"year 7, eligcat 1, dual 0",Precare_Final_long_year_7_eligcat_1_dual_0.csv,7117116,f,c,preventive care,7,1,,,,0,precare_final_long_year_7_eligcat_1_dual_0
"year 7, eligcat 1, dual 1",Precare_Final_long_year_7_eligcat_1_dual_1.csv,6575492,f,c,preventive care,7,1,,,,1,precare_final_long_year_7_eligcat_1_dual_1
"year 7, eligcat 2",Precare_Final_long_year_7_eligcat_2.csv,3970381,f,c,Preventive Care,7,2,,,,,precare_final_long_year_7_eligcat_2
"year 7, eligcat 3",Precare_Final_long_year_7_eligcat_3.csv,3502693,f,c,Preventive Care,7,3,,,,,precare_final_long_year_7_eligcat_3
"year 8, eligcat all , dual all",Precare_Final_long_year_8_eligcat_all_dual_all.csv,10775632,f,c,preventive care,8,.,,,,.,precare_final_long_year_8_eligcat_all_dual_all
"year 8, eligcat all , dual 0",Precare_Final_long_year_8_eligcat_all_dual_0.csv,10012550,f,c,preventive care,8,.,,,,0,precare_final_long_year_8_eligcat_all_dual_0
"year 8, eligcat all , dual 1",Precare_Final_long_year_8_eligcat_all_dual_1.csv,8376718,f,c,preventive care,8,.,,,,1,precare_final_long_year_8_eligcat_all_dual_1
"year 8, eligcat 0, dual all",Precare_Final_long_year_8_eligcat_0_dual_all.csv,8656356,f,c,preventive care,8,0,,,,.,precare_final_long_year_8_eligcat_0_dual_all
"year 8, eligcat 0, dual 0",Precare_Final_long_year_8_eligcat_0_dual_0.csv,8297280,f,c,preventive care,8,0,,,,0,precare_final_long_year_8_eligcat_0_dual_0
"year 8, eligcat 0, dual 1",Precare_Final_long_year_8_eligcat_0_dual_1.csv,6106053,f,c,preventive care,8,0,,,,1,precare_final_long_year_8_eligcat_0_dual_1
"year 8, eligcat 1, dual all",Precare_Final_long_year_8_eligcat_1_dual_all.csv,8202955,f,c,preventive care,8,1,,,,.,precare_final_long_year_8_eligcat_1_dual_all
"year 8, eligcat 1, dual 0",Precare_Final_long_year_8_eligcat_1_dual_0.csv,7117047,f,c,preventive care,8,1,,,,0,precare_final_long_year_8_eligcat_1_dual_0
"year 8, eligcat 1, dual 1",Precare_Final_long_year_8_eligcat_1_dual_1.csv,6542924,f,c,preventive care,8,1,,,,1,precare_final_long_year_8_eligcat_1_dual_1
"year 8, eligcat 2",Precare_Final_long_year_8_eligcat_2.csv,4099512,f,c,Preventive Care,8,2,,,,,precare_final_long_year_8_eligcat_2
"year 8, eligcat 3",Precare_Final_long_year_8_eligcat_3.csv,3238742,f,c,Preventive Care,8,3,,,,,precare_final_long_year_8_eligcat_3
dual all,Dschrg_Final_long_dual_all.csv,9424772,f,d,Discharge Destination,345678,,,,,.,dschrg_final_long_dual_all_12_18
dual 0,Dschrg_Final_long_dual_0.csv,8122052,f,d,Discharge Destination,345678,,,,,0,dschrg_final_long_dual_0_12_18
dual 1,Dschrg_Final_long_dual_1.csv,6318880,f,d,Discharge Destination,345678,,,,,1,dschrg_final_long_dual_1_12_18
"year 2, eligcatall, sexcat all, dual all",ED_Final_long_blankelig_year_2_sexcat_all_dual_all.csv,9910512,f,e,emergency room usage,2,.,,.,,.,ed_final_long_blankelig_year_2_sexcat_all_dual_all
"year 2, eligcatall, sexcat all, dual 0",ED_Final_long_blankelig_year_2_sexcat_all_dual_0.csv,9162737,f,e,emergency room usage,2,.,,.,,0,ed_final_long_blankelig_year_2_sexcat_all_dual_0
"year 2, eligcatall, sexcat all, dual 1",ED_Final_long_blankelig_year_2_sexcat_all_dual_1.csv,7935802,f,e,emergency room usage,2,.,,.,,1,ed_final_long_blankelig_year_2_sexcat_all_dual_1
"blank eligcat, year 2, sexcat 1, dual all",ED_Final_long_blankelig_year_2_sexcat_1_dual_all.csv,8688707,f,e,emergency room usage,2,.,,1,,.,ed_final_long_blankelig_year_2_sexcat_1_dual_all
"blank eligcat, year 2, sexcat 1, dual 0",ED_Final_long_blankelig_year_2_sexcat_1_dual_0.csv,8119653,f,e,emergency room usage,2,.,,1,,0,ed_final_long_blankelig_year_2_sexcat_1_dual_0
"blank eligcat, year 2, sexcat 1, dual 1",ED_Final_long_blankelig_year_2_sexcat_1_dual_1.csv,6453142,f,e,emergency room usage,2,.,,1,,1,ed_final_long_blankelig_year_2_sexcat_1_dual_1
"blank eligcat, year 2, sexcat 2, dual all",ED_Final_long_blankelig_year_2_sexcat_2_dual_all.csv,8807766,f,e,emergency room usage,2,.,,2,,.,ed_final_long_blankelig_year_2_sexcat_2_dual_all
"blank eligcat, year 2, sexcat 2, dual 0",ED_Final_long_blankelig_year_2_sexcat_2_dual_0.csv,8071423,f,e,emergency room usage,2,.,,2,,0,ed_final_long_blankelig_year_2_sexcat_2_dual_0
"blank eligcat, year 2, sexcat 2, dual 1",ED_Final_long_blankelig_year_2_sexcat_2_dual_1.csv,7206517,f,e,emergency room usage,2,.,,2,,1,ed_final_long_blankelig_year_2_sexcat_2_dual_1
"year 2, fltr1&2, eligcat0-3, sexcat all, dual all",ED_Final_long_nonblankelig_fltr12_year_2_sexcat_all_dual_all.csv,9199646,f,e,emergency room usage,2,1230,,.,12,.,ed_final_long_nonblankelig_fltr12_year_2_sexcat_all_dual_all
"year 2, fltr1&2, eligcat0-3, sexcat all, dual 0",ED_Final_long_nonblankelig_fltr12_year_2_sexcat_all_dual_0.csv,7970120,f,e,emergency room usage,2,1230,,.,12,0,ed_final_long_nonblankelig_fltr12_year_2_sexcat_all_dual_0
"year 2, fltr1&2, eligcat0-3, sexcat all, dual 1",ED_Final_long_nonblankelig_fltr12_year_2_sexcat_all_dual_1.csv,6806733,f,e,emergency room usage,2,1230,,.,12,1,ed_final_long_nonblankelig_fltr12_year_2_sexcat_all_dual_1
"year 2, fltr3&4, eligcat0-3, sexcat all, dual all",ED_Final_long_nonblankelig_fltr34_year_2_sexcat_all_dual_all.csv,9472556,f,e,emergency room usage,2,1230,,.,34,.,ed_final_long_nonblankelig_fltr34_year_2_sexcat_all_dual_all
"year 2, fltr3&4, eligcat0-3, sexcat all, dual 0",ED_Final_long_nonblankelig_fltr34_year_2_sexcat_all_dual_0.csv,8163301,f,e,emergency room usage,2,1230,,.,34,0,ed_final_long_nonblankelig_fltr34_year_2_sexcat_all_dual_0
"year 2, fltr3&4, eligcat0-3, sexcat all, dual 1",ED_Final_long_nonblankelig_fltr34_year_2_sexcat_all_dual_1.csv,7104244,f,e,emergency room usage,2,1230,,.,34,1,ed_final_long_nonblankelig_fltr34_year_2_sexcat_all_dual_1
"year 2, fltr1&2, eligcat0-3, sexcat 1",ED_Final_long_nonblankelig_fltr12_year_2_sexcat_1.csv,19579196,f,e,Emergency Room,2,1230,,1,12,,ed_final_long_nonblankelig_fltr12_year_2_sexcat_1
"year 2, fltr3&4, eligcat0-3, sexcat 1",ED_Final_long_nonblankelig_fltr34_year_2_sexcat_1.csv,20232801,f,e,Emergency Room,2,1230,,1,34,,ed_final_long_nonblankelig_fltr34_year_2_sexcat_1
"year 2, fltr1&2, eligcat0-3, sexcat 2",ED_Final_long_nonblankelig_fltr12_year_2_sexcat_2.csv,19721774,f,e,Emergency Room,2,1230,,2,12,,ed_final_long_nonblankelig_fltr12_year_2_sexcat_2
"year 2, fltr3&4, eligcat0-3, sexcat 2",ED_Final_long_nonblankelig_fltr34_year_2_sexcat_2.csv,20381051,f,e,Emergency Room,2,1230,,2,34,,ed_final_long_nonblankelig_fltr34_year_2_sexcat_2
"year 3, eligcatall, sexcat all, dual all",ED_Final_long_blankelig_year_3_sexcat_all_dual_all.csv,9961755,f,e,emergency room usage,3,.,,.,,.,ed_final_long_blankelig_year_3_sexcat_all_dual_all
"year 3, eligcatall, sexcat all, dual 0",ED_Final_long_blankelig_year_3_sexcat_all_dual_0.csv,9202425,f,e,emergency room usage,3,.,,.,,0,ed_final_long_blankelig_year_3_sexcat_all_dual_0
"year 3, eligcatall, sexcat all, dual 1",ED_Final_long_blankelig_year_3_sexcat_all_dual_1.csv,7946246,f,e,emergency room usage,3,.,,.,,1,ed_final_long_blankelig_year_3_sexcat_all_dual_1
"blank eligcat, year 3, sexcat 1, dual all",ED_Final_long_blankelig_year_3_sexcat_1_dual_all.csv,8709560,f,e,emergency room usage,3,.,,1,,.,ed_final_long_blankelig_year_3_sexcat_1_dual_all
"blank eligcat, year 3, sexcat 1, dual 0",ED_Final_long_blankelig_year_3_sexcat_1_dual_0.csv,8147814,f,e,emergency room usage,3,.,,1,,0,ed_final_long_blankelig_year_3_sexcat_1_dual_0
"blank eligcat, year 3, sexcat 1, dual 1",ED_Final_long_blankelig_year_3_sexcat_1_dual_1.csv,6458034,f,e,emergency room usage,3,.,,1,,1,ed_final_long_blankelig_year_3_sexcat_1_dual_1
"blank eligcat, year 3, sexcat 2, dual all",ED_Final_long_blankelig_year_3_sexcat_2_dual_all.csv,8846677,f,e,emergency room usage,3,.,,2,,.,ed_final_long_blankelig_year_3_sexcat_2_dual_all
"blank eligcat, year 3, sexcat 2, dual 0",ED_Final_long_blankelig_year_3_sexcat_2_dual_0.csv,8114320,f,e,emergency room usage,3,.,,2,,0,ed_final_long_blankelig_year_3_sexcat_2_dual_0
"blank eligcat, year 3, sexcat 2, dual 1",ED_Final_long_blankelig_year_3_sexcat_2_dual_1.csv,7207918,f,e,emergency room usage,3,.,,2,,1,ed_final_long_blankelig_year_3_sexcat_2_dual_1
"year 3, fltr1&2, eligcat0-3, sexcat all, dual all",ED_Final_long_nonblankelig_fltr12_year_3_sexcat_all_dual_all.csv,9232189,f,e,emergency room usage,3,1230,,.,12,.,ed_final_long_nonblankelig_fltr12_year_3_sexcat_all_dual_all
"year 3, fltr1&2, eligcat0-3, sexcat all, dual 0",ED_Final_long_nonblankelig_fltr12_year_3_sexcat_all_dual_0.csv,8005308,f,e,emergency room usage,3,1230,,.,12,0,ed_final_long_nonblankelig_fltr12_year_3_sexcat_all_dual_0
"year 3, fltr1&2, eligcat0-3, sexcat all, dual 1",ED_Final_long_nonblankelig_fltr12_year_3_sexcat_all_dual_1.csv,6803198,f,e,emergency room usage,3,1230,,.,12,1,ed_final_long_nonblankelig_fltr12_year_3_sexcat_all_dual_1
"year 3, fltr3&4, eligcat0-3, sexcat all, dual all",ED_Final_long_nonblankelig_fltr34_year_3_sexcat_all_dual_all.csv,9509731,f,e,emergency room usage,3,1230,,.,34,.,ed_final_long_nonblankelig_fltr34_year_3_sexcat_all_dual_all
"year 3, fltr3&4, eligcat0-3, sexcat all, dual 0",ED_Final_long_nonblankelig_fltr34_year_3_sexcat_all_dual_0.csv,8201141,f,e,emergency room usage,3,1230,,.,34,0,ed_final_long_nonblankelig_fltr34_year_3_sexcat_all_dual_0
"year 3, fltr3&4, eligcat0-3, sexcat all, dual 1",ED_Final_long_nonblankelig_fltr34_year_3_sexcat_all_dual_1.csv,7099002,f,e,emergency room usage,3,1230,,.,34,1,ed_final_long_nonblankelig_fltr34_year_3_sexcat_all_dual_1
"year 3, fltr1&2, eligcat0-3, sexcat 1",ED_Final_long_nonblankelig_fltr12_year_3_sexcat_1.csv,19647710,f,e,Emergency Room,3,1230,,1,12,,ed_final_long_nonblankelig_fltr12_year_3_sexcat_1
"year 3, fltr3&4, eligcat0-3, sexcat 1",ED_Final_long_nonblankelig_fltr34_year_3_sexcat_1.csv,20301570,f,e,Emergency Room,3,1230,,1,34,,ed_final_long_nonblankelig_fltr34_year_3_sexcat_1
"year 3, fltr1&2, eligcat0-3, sexcat 2",ED_Final_long_nonblankelig_fltr12_year_3_sexcat_2.csv,19775946,f,e,Emergency Room,3,1230,,2,12,,ed_final_long_nonblankelig_fltr12_year_3_sexcat_2
"year 3, fltr3&4, eligcat0-3, sexcat 2",ED_Final_long_nonblankelig_fltr34_year_3_sexcat_2.csv,20436213,f,e,Emergency Room,3,1230,,2,34,,ed_final_long_nonblankelig_fltr34_year_3_sexcat_2
"year 4, eligcatall, sexcat all, dual all",ED_Final_long_blankelig_year_4_sexcat_all_dual_all.csv,9982630,f,e,emergency room usage,4,.,,.,,.,ed_final_long_blankelig_year_4_sexcat_all_dual_all
"year 4, eligcatall, sexcat all, dual 0",ED_Final_long_blankelig_year_4_sexcat_all_dual_0.csv,9241308,f,e,emergency room usage,4,.,,.,,0,ed_final_long_blankelig_year_4_sexcat_all_dual_0
"year 4, eligcatall, sexcat all, dual 1",ED_Final_long_blankelig_year_4_sexcat_all_dual_1.csv,7926501,f,e,emergency room usage,4,.,,.,,1,ed_final_long_blankelig_year_4_sexcat_all_dual_1
"blank eligcat, year 4, sexcat 1, dual all",ED_Final_long_blankelig_year_4_sexcat_1_dual_all.csv,8724309,f,e,emergency room usage,4,.,,1,,.,ed_final_long_blankelig_year_4_sexcat_1_dual_all
"blank eligcat, year 4, sexcat 1, dual 0",ED_Final_long_blankelig_year_4_sexcat_1_dual_0.csv,8168935,f,e,emergency room usage,4,.,,1,,0,ed_final_long_blankelig_year_4_sexcat_1_dual_0
"blank eligcat, year 4, sexcat 1, dual 1",ED_Final_long_blankelig_year_4_sexcat_1_dual_1.csv,6424938,f,e,emergency room usage,4,.,,1,,1,ed_final_long_blankelig_year_4_sexcat_1_dual_1
"blank eligcat, year 4, sexcat 2, dual all",ED_Final_long_blankelig_year_4_sexcat_2_dual_all.csv,8878836,f,e,emergency room usage,4,.,,2,,.,ed_final_long_blankelig_year_4_sexcat_2_dual_all
"blank eligcat, year 4, sexcat 2, dual 0",ED_Final_long_blankelig_year_4_sexcat_2_dual_0.csv,8160221,f,e,emergency room usage,4,.,,2,,0,ed_final_long_blankelig_year_4_sexcat_2_dual_0
"blank eligcat, year 4, sexcat 2, dual 1",ED_Final_long_blankelig_year_4_sexcat_2_dual_1.csv,7181258,f,e,emergency room usage,4,.,,2,,1,ed_final_long_blankelig_year_4_sexcat_2_dual_1
"year 4, fltr1&2, eligcat0-3, sexcat all, dual all",ED_Final_long_nonblankelig_fltr12_year_4_sexcat_all_dual_all.csv,9242518,f,e,emergency room usage,4,1230,,.,12,.,ed_final_long_nonblankelig_fltr12_year_4_sexcat_all_dual_all
"year 4, fltr1&2, eligcat0-3, sexcat all, dual 0",ED_Final_long_nonblankelig_fltr12_year_4_sexcat_all_dual_0.csv,8032956,f,e,emergency room usage,4,1230,,.,12,0,ed_final_long_nonblankelig_fltr12_year_4_sexcat_all_dual_0
"year 4, fltr1&2, eligcat0-3, sexcat all, dual 1",ED_Final_long_nonblankelig_fltr12_year_4_sexcat_all_dual_1.csv,6791286,f,e,emergency room usage,4,1230,,.,12,1,ed_final_long_nonblankelig_fltr12_year_4_sexcat_all_dual_1
"year 4, fltr3&4, eligcat0-3, sexcat all, dual all",ED_Final_long_nonblankelig_fltr34_year_4_sexcat_all_dual_all.csv,9520446,f,e,emergency room usage,4,1230,,.,34,.,ed_final_long_nonblankelig_fltr34_year_4_sexcat_all_dual_all
"year 4, fltr3&4, eligcat0-3, sexcat all, dual 0",ED_Final_long_nonblankelig_fltr34_year_4_sexcat_all_dual_0.csv,8233455,f,e,emergency room usage,4,1230,,.,34,0,ed_final_long_nonblankelig_fltr34_year_4_sexcat_all_dual_0
"year 4, fltr3&4, eligcat0-3, sexcat all, dual 1",ED_Final_long_nonblankelig_fltr34_year_4_sexcat_all_dual_1.csv,7088637,f,e,emergency room usage,4,1230,,.,34,1,ed_final_long_nonblankelig_fltr34_year_4_sexcat_all_dual_1
"year 4, fltr1&2, eligcat0-3, sexcat 1",ED_Final_long_nonblankelig_fltr12_year_4_sexcat_1.csv,19623237,f,e,Emergency Room,4,1230,,1,12,,ed_final_long_nonblankelig_fltr12_year_4_sexcat_1
"year 4, fltr3&4, eligcat0-3, sexcat 1",ED_Final_long_nonblankelig_fltr34_year_4_sexcat_1.csv,20293692,f,e,Emergency Room,4,1230,,1,34,,ed_final_long_nonblankelig_fltr34_year_4_sexcat_1
"year 4, fltr1&2, eligcat0-3, sexcat 2",ED_Final_long_nonblankelig_fltr12_year_4_sexcat_2.csv,19787103,f,e,Emergency Room,4,1230,,2,12,,ed_final_long_nonblankelig_fltr12_year_4_sexcat_2
"year 4, fltr3&4, eligcat0-3, sexcat 2",ED_Final_long_nonblankelig_fltr34_year_4_sexcat_2.csv,20455464,f,e,Emergency Room,4,1230,,2,34,,ed_final_long_nonblankelig_fltr34_year_4_sexcat_2
"year 5, eligcatall, sexcat all, dual all",ED_Final_long_blankelig_year_5_sexcat_all_dual_all.csv,10009238,f,e,emergency room usage,5,.,,.,,.,ed_final_long_blankelig_year_5_sexcat_all_dual_all
"year 5, eligcatall, sexcat all, dual 0",ED_Final_long_blankelig_year_5_sexcat_all_dual_0.csv,9288737,f,e,emergency room usage,5,.,,.,,0,ed_final_long_blankelig_year_5_sexcat_all_dual_0
"year 5, eligcatall, sexcat all, dual 1",ED_Final_long_blankelig_year_5_sexcat_all_dual_1.csv,7918008,f,e,emergency room usage,5,.,,.,,1,ed_final_long_blankelig_year_5_sexcat_all_dual_1
"blank eligcat, year 5, sexcat 1, dual all",ED_Final_long_blankelig_year_5_sexcat_1_dual_all.csv,8747628,f,e,emergency room usage,5,.,,1,,.,ed_final_long_blankelig_year_5_sexcat_1_dual_all
"blank eligcat, year 5, sexcat 1, dual 0",ED_Final_long_blankelig_year_5_sexcat_1_dual_0.csv,8196478,f,e,emergency room usage,5,.,,1,,0,ed_final_long_blankelig_year_5_sexcat_1_dual_0
"blank eligcat, year 5, sexcat 1, dual 1",ED_Final_long_blankelig_year_5_sexcat_1_dual_1.csv,6402310,f,e,emergency room usage,5,.,,1,,1,ed_final_long_blankelig_year_5_sexcat_1_dual_1
"blank eligcat, year 5, sexcat 2, dual all",ED_Final_long_blankelig_year_5_sexcat_2_dual_all.csv,8912536,f,e,emergency room usage,5,.,,2,,.,ed_final_long_blankelig_year_5_sexcat_2_dual_all
"blank eligcat, year 5, sexcat 2, dual 0",ED_Final_long_blankelig_year_5_sexcat_2_dual_0.csv,8211229,f,e,emergency room usage,5,.,,2,,0,ed_final_long_blankelig_year_5_sexcat_2_dual_0
"blank eligcat, year 5, sexcat 2, dual 1",ED_Final_long_blankelig_year_5_sexcat_2_dual_1.csv,7160643,f,e,emergency room usage,5,.,,2,,1,ed_final_long_blankelig_year_5_sexcat_2_dual_1
"year 5, fltr1&2, eligcat0-3, sexcat all, dual all",ED_Final_long_nonblankelig_fltr12_year_5_sexcat_all_dual_all.csv,9278054,f,e,emergency room usage,5,1230,,.,12,.,ed_final_long_nonblankelig_fltr12_year_5_sexcat_all_dual_all
"year 5, fltr1&2, eligcat0-3, sexcat all, dual 0",ED_Final_long_nonblankelig_fltr12_year_5_sexcat_all_dual_0.csv,8069406,f,e,emergency room usage,5,1230,,.,12,0,ed_final_long_nonblankelig_fltr12_year_5_sexcat_all_dual_0
"year 5, fltr1&2, eligcat0-3, sexcat all, dual 1",ED_Final_long_nonblankelig_fltr12_year_5_sexcat_all_dual_1.csv,6772745,f,e,emergency room usage,5,1230,,.,12,1,ed_final_long_nonblankelig_fltr12_year_5_sexcat_all_dual_1
"year 5, fltr3&4, eligcat0-3, sexcat all, dual all",ED_Final_long_nonblankelig_fltr34_year_5_sexcat_all_dual_all.csv,9565289,f,e,emergency room usage,5,1230,,.,34,.,ed_final_long_nonblankelig_fltr34_year_5_sexcat_all_dual_all
"year 5, fltr3&4, eligcat0-3, sexcat all, dual 0",ED_Final_long_nonblankelig_fltr34_year_5_sexcat_all_dual_0.csv,8276822,f,e,emergency room usage,5,1230,,.,34,0,ed_final_long_nonblankelig_fltr34_year_5_sexcat_all_dual_0
"year 5, fltr3&4, eligcat0-3, sexcat all, dual 1",ED_Final_long_nonblankelig_fltr34_year_5_sexcat_all_dual_1.csv,7079173,f,e,emergency room usage,5,1230,,.,34,1,ed_final_long_nonblankelig_fltr34_year_5_sexcat_all_dual_1
"year 5, fltr1&2, eligcat0-3, sexcat 1",ED_Final_long_nonblankelig_fltr12_year_5_sexcat_1.csv,19623567,f,e,Emergency Room,5,1230,,1,12,,ed_final_long_nonblankelig_fltr12_year_5_sexcat_1
"year 5, fltr3&4, eligcat0-3, sexcat 1",ED_Final_long_nonblankelig_fltr34_year_5_sexcat_1.csv,20320473,f,e,Emergency Room,5,1230,,1,34,,ed_final_long_nonblankelig_fltr34_year_5_sexcat_1
"year 5, fltr1&2, eligcat0-3, sexcat 2",ED_Final_long_nonblankelig_fltr12_year_5_sexcat_2.csv,19799304,f,e,Emergency Room,5,1230,,2,12,,ed_final_long_nonblankelig_fltr12_year_5_sexcat_2
"year 5, fltr3&4, eligcat0-3, sexcat 2",ED_Final_long_nonblankelig_fltr34_year_5_sexcat_2.csv,20496333,f,e,Emergency Room,5,1230,,2,34,,ed_final_long_nonblankelig_fltr34_year_5_sexcat_2
"year 6, eligcatall, sexcat all, dual all",ED_Final_long_blankelig_year_6_sexcat_all_dual_all.csv,10021806,f,e,emergency room usage,6,.,,.,,.,ed_final_long_blankelig_year_6_sexcat_all_dual_all
"year 6, eligcatall, sexcat all, dual 0",ED_Final_long_blankelig_year_6_sexcat_all_dual_0.csv,9284184,f,e,emergency room usage,6,.,,.,,0,ed_final_long_blankelig_year_6_sexcat_all_dual_0
"year 6, eligcatall, sexcat all, dual 1",ED_Final_long_blankelig_year_6_sexcat_all_dual_1.csv,7961837,f,e,emergency room usage,6,.,,.,,1,ed_final_long_blankelig_year_6_sexcat_all_dual_1
"blank eligcat, year 6, sexcat 1, dual all",ED_Final_long_blankelig_year_6_sexcat_1_dual_all.csv,8751252,f,e,emergency room usage,6,.,,1,,.,ed_final_long_blankelig_year_6_sexcat_1_dual_all
"blank eligcat, year 6, sexcat 1, dual 0",ED_Final_long_blankelig_year_6_sexcat_1_dual_0.csv,8179150,f,e,emergency room usage,6,.,,1,,0,ed_final_long_blankelig_year_6_sexcat_1_dual_0
"blank eligcat, year 6, sexcat 1, dual 1",ED_Final_long_blankelig_year_6_sexcat_1_dual_1.csv,6439147,f,e,emergency room usage,6,.,,1,,1,ed_final_long_blankelig_year_6_sexcat_1_dual_1
"blank eligcat, year 6, sexcat 2, dual all",ED_Final_long_blankelig_year_6_sexcat_2_dual_all.csv,8937402,f,e,emergency room usage,6,.,,2,,.,ed_final_long_blankelig_year_6_sexcat_2_dual_all
"blank eligcat, year 6, sexcat 2, dual 0",ED_Final_long_blankelig_year_6_sexcat_2_dual_0.csv,8219685,f,e,emergency room usage,6,.,,2,,0,ed_final_long_blankelig_year_6_sexcat_2_dual_0
"blank eligcat, year 6, sexcat 2, dual 1",ED_Final_long_blankelig_year_6_sexcat_2_dual_1.csv,7191899,f,e,emergency room usage,6,.,,2,,1,ed_final_long_blankelig_year_6_sexcat_2_dual_1
"year 6, fltr1&2, eligcat0-3, sexcat all, dual all",ED_Final_long_nonblankelig_fltr12_year_6_sexcat_all_dual_all.csv,9288268,f,e,emergency room usage,6,1230,,.,12,.,ed_final_long_nonblankelig_fltr12_year_6_sexcat_all_dual_all
"year 6, fltr1&2, eligcat0-3, sexcat all, dual 0",ED_Final_long_nonblankelig_fltr12_year_6_sexcat_all_dual_0.csv,8055275,f,e,emergency room usage,6,1230,,.,12,0,ed_final_long_nonblankelig_fltr12_year_6_sexcat_all_dual_0
"year 6, fltr1&2, eligcat0-3, sexcat all, dual 1",ED_Final_long_nonblankelig_fltr12_year_6_sexcat_all_dual_1.csv,6798930,f,e,emergency room usage,6,1230,,.,12,1,ed_final_long_nonblankelig_fltr12_year_6_sexcat_all_dual_1
"year 6, fltr3&4, eligcat0-3, sexcat all, dual all",ED_Final_long_nonblankelig_fltr34_year_6_sexcat_all_dual_all.csv,9601708,f,e,emergency room usage,6,1230,,.,34,.,ed_final_long_nonblankelig_fltr34_year_6_sexcat_all_dual_all
"year 6, fltr3&4, eligcat0-3, sexcat all, dual 0",ED_Final_long_nonblankelig_fltr34_year_6_sexcat_all_dual_0.csv,8290340,f,e,emergency room usage,6,1230,,.,34,0,ed_final_long_nonblankelig_fltr34_year_6_sexcat_all_dual_0
"year 6, fltr3&4, eligcat0-3, sexcat all, dual 1",ED_Final_long_nonblankelig_fltr34_year_6_sexcat_all_dual_1.csv,7127596,f,e,emergency room usage,6,1230,,.,34,1,ed_final_long_nonblankelig_fltr34_year_6_sexcat_all_dual_1
"year 6, fltr1&2, eligcat0-3, sexcat 1",ED_Final_long_nonblankelig_fltr12_year_6_sexcat_1.csv,19648908,f,e,Emergency Room,6,1230,,1,12,,ed_final_long_nonblankelig_fltr12_year_6_sexcat_1
"year 6, fltr3&4, eligcat0-3, sexcat 1",ED_Final_long_nonblankelig_fltr34_year_6_sexcat_1.csv,20407908,f,e,Emergency Room,6,1230,,1,34,,ed_final_long_nonblankelig_fltr34_year_6_sexcat_1
"year 6, fltr1&2, eligcat0-3, sexcat 2",ED_Final_long_nonblankelig_fltr12_year_6_sexcat_2.csv,19855423,f,e,Emergency Room,6,1230,,2,12,,ed_final_long_nonblankelig_fltr12_year_6_sexcat_2
"year 6, fltr3&4, eligcat0-3, sexcat 2",ED_Final_long_nonblankelig_fltr34_year_6_sexcat_2.csv,20603459,f,e,Emergency Room,6,1230,,2,34,,ed_final_long_nonblankelig_fltr34_year_6_sexcat_2
"year 7, eligcatall, sexcat all, dual all",ED_Final_long_blankelig_year_7_sexcat_all_dual_all.csv,10038960,f,e,emergency room usage,7,.,,.,,.,ed_final_long_blankelig_year_7_sexcat_all_dual_all
"year 7, eligcatall, sexcat all, dual 0",ED_Final_long_blankelig_year_7_sexcat_all_dual_0.csv,9317678,f,e,emergency room usage,7,.,,.,,0,ed_final_long_blankelig_year_7_sexcat_all_dual_0
"year 7, eligcatall, sexcat all, dual 1",ED_Final_long_blankelig_year_7_sexcat_all_dual_1.csv,7945009,f,e,emergency room usage,7,.,,.,,1,ed_final_long_blankelig_year_7_sexcat_all_dual_1
"blank eligcat, year 7, sexcat 1, dual all",ED_Final_long_blankelig_year_7_sexcat_1_dual_all.csv,8763804,f,e,emergency room usage,7,.,,1,,.,ed_final_long_blankelig_year_7_sexcat_1_dual_all
"blank eligcat, year 7, sexcat 1, dual 0",ED_Final_long_blankelig_year_7_sexcat_1_dual_0.csv,8186389,f,e,emergency room usage,7,.,,1,,0,ed_final_long_blankelig_year_7_sexcat_1_dual_0
"blank eligcat, year 7, sexcat 1, dual 1",ED_Final_long_blankelig_year_7_sexcat_1_dual_1.csv,6433940,f,e,emergency room usage,7,.,,1,,1,ed_final_long_blankelig_year_7_sexcat_1_dual_1
"blank eligcat, year 7, sexcat 2, dual all",ED_Final_long_blankelig_year_7_sexcat_2_dual_all.csv,8957953,f,e,emergency room usage,7,.,,2,,.,ed_final_long_blankelig_year_7_sexcat_2_dual_all
"blank eligcat, year 7, sexcat 2, dual 0",ED_Final_long_blankelig_year_7_sexcat_2_dual_0.csv,8242498,f,e,emergency room usage,7,.,,2,,0,ed_final_long_blankelig_year_7_sexcat_2_dual_0
"blank eligcat, year 7, sexcat 2, dual 1",ED_Final_long_blankelig_year_7_sexcat_2_dual_1.csv,7187682,f,e,emergency room usage,7,.,,2,,1,ed_final_long_blankelig_year_7_sexcat_2_dual_1
"year 7, fltr1&2, eligcat0-3, sexcat all, dual all",ED_Final_long_nonblankelig_fltr12_year_7_sexcat_all_dual_all.csv,9286992,f,e,emergency room usage,7,1230,,.,12,.,ed_final_long_nonblankelig_fltr12_year_7_sexcat_all_dual_all
"year 7, fltr1&2, eligcat0-3, sexcat all, dual 0",ED_Final_long_nonblankelig_fltr12_year_7_sexcat_all_dual_0.csv,8056261,f,e,emergency room usage,7,1230,,.,12,0,ed_final_long_nonblankelig_fltr12_year_7_sexcat_all_dual_0
"year 7, fltr1&2, eligcat0-3, sexcat all, dual 1",ED_Final_long_nonblankelig_fltr12_year_7_sexcat_all_dual_1.csv,6790046,f,e,emergency room usage,7,1230,,.,12,1,ed_final_long_nonblankelig_fltr12_year_7_sexcat_all_dual_1
"year 7, fltr3&4, eligcat0-3, sexcat all, dual all",ED_Final_long_nonblankelig_fltr34_year_7_sexcat_all_dual_all.csv,9614652,f,e,emergency room usage,7,1230,,.,34,.,ed_final_long_nonblankelig_fltr34_year_7_sexcat_all_dual_all
"year 7, fltr3&4, eligcat0-3, sexcat all, dual 0",ED_Final_long_nonblankelig_fltr34_year_7_sexcat_all_dual_0.csv,8307669,f,e,emergency room usage,7,1230,,.,34,0,ed_final_long_nonblankelig_fltr34_year_7_sexcat_all_dual_0
"year 7, fltr3&4, eligcat0-3, sexcat all, dual 1",ED_Final_long_nonblankelig_fltr34_year_7_sexcat_all_dual_1.csv,7125939,f,e,emergency room usage,7,1230,,.,34,1,ed_final_long_nonblankelig_fltr34_year_7_sexcat_all_dual_1
"year 7, fltr1&2, eligcat0-3, sexcat 1",ED_Final_long_nonblankelig_fltr12_year_7_sexcat_1.csv,19646455,f,e,Emergency Room,7,1230,,1,12,,ed_final_long_nonblankelig_fltr12_year_7_sexcat_1
"year 7, fltr3&4, eligcat0-3, sexcat 1",ED_Final_long_nonblankelig_fltr34_year_7_sexcat_1.csv,20434443,f,e,Emergency Room,7,1230,,1,34,,ed_final_long_nonblankelig_fltr34_year_7_sexcat_1
"year 7, fltr1&2, eligcat0-3, sexcat 2",ED_Final_long_nonblankelig_fltr12_year_7_sexcat_2.csv,19839891,f,e,Emergency Room,7,1230,,2,12,,ed_final_long_nonblankelig_fltr12_year_7_sexcat_2
"year 7, fltr3&4, eligcat0-3, sexcat 2",ED_Final_long_nonblankelig_fltr34_year_7_sexcat_2.csv,20612055,f,e,Emergency Room,7,1230,,2,34,,ed_final_long_nonblankelig_fltr34_year_7_sexcat_2
"fltr1&2, year 8, racecat all, sexcat all",ED_Final_long_fltr12_year_8_racecat_all_sexcat_all.csv,11608860,f,e,emergency room usage,8,,.,.,12,,ed_final_long_fltr12_year_8_racecat_all_sexcat_all
"fltr3&4, year 8, racecat all, sexcat all",ED_Final_long_fltr34_year_8_racecat_all_sexcat_all.csv,11846279,f,e,emergency room usage,8,,.,.,34,,ed_final_long_fltr34_year_8_racecat_all_sexcat_all
"fltr1&2, year 8, racecat all, sexcat 1",ED_Final_long_fltr12_year_8_racecat_all_sexcat_1.csv,10488207,f,e,emergency room usage,8,,.,1,12,,ed_final_long_fltr12_year_8_racecat_all_sexcat_1
"fltr3&4, year 8, racecat all, sexcat 1",ED_Final_long_fltr34_year_8_racecat_all_sexcat_1.csv,10754890,f,e,emergency room usage,8,,.,1,34,,ed_final_long_fltr34_year_8_racecat_all_sexcat_1
"fltr1&2, year 8, racecat all, sexcat 2",ED_Final_long_fltr12_year_8_racecat_all_sexcat_2.csv,10508956,f,e,emergency room usage,8,,.,2,12,,ed_final_long_fltr12_year_8_racecat_all_sexcat_2
"fltr3&4, year 8, racecat all, sexcat 2",ED_Final_long_fltr34_year_8_racecat_all_sexcat_2.csv,10758247,f,e,emergency room usage,8,,.,2,34,,ed_final_long_fltr34_year_8_racecat_all_sexcat_2
"fltr3&4, year 8, racecat 1 , sexcat all",ED_Final_long_fltr34_year_8_racecat_1_sexcat_all.csv,10917599,f,e,emergency room usage,8,,1,.,34,,ed_final_long_fltr34_year_8_racecat_1_sexcat_all
"fltr3&4, year 8, racecat 1 , sexcat 1",ED_Final_long_fltr34_year_8_racecat_1_sexcat_1.csv,9844972,f,e,emergency room usage,8,,1,1,34,,ed_final_long_fltr34_year_8_racecat_1_sexcat_1
"fltr3&4, year 8, racecat 1 , sexcat 2",ED_Final_long_fltr34_year_8_racecat_1_sexcat_2.csv,9956539,f,e,emergency room usage,8,,1,2,34,,ed_final_long_fltr34_year_8_racecat_1_sexcat_2
"fltr1&2, year 8, racecat 1 , dual all",ED_Final_long_fltr12_year_8_racecat_1_dual_all.csv,10881375,f,e,emergency room usage,8,,1,,12,.,ed_final_long_fltr12_year_8_racecat_1_dual_all
"fltr1&2, year 8, racecat 1 , dual 0",ED_Final_long_fltr12_year_8_racecat_1_dual_0.csv,10394760,f,e,emergency room usage,8,,1,,12,0,ed_final_long_fltr12_year_8_racecat_1_dual_0
"fltr1&2, year 8, racecat 1 , dual 1",ED_Final_long_fltr12_year_8_racecat_1_dual_1.csv,8713711,f,e,emergency room usage,8,,1,,12,1,ed_final_long_fltr12_year_8_racecat_1_dual_1
"fltr1&2, year 8, racecat 2",ED_Final_long_fltr12_year_8_racecat_2.csv,13816811,f,e,Emergency Room,8,,2,,12,,ed_final_long_fltr12_year_8_racecat_2
"fltr3&4, year 8, racecat 2",ED_Final_long_fltr34_year_8_racecat_2.csv,14528054,f,e,Emergency Room,8,,2,,34,,ed_final_long_fltr34_year_8_racecat_2
"fltr1&2, year 8, racecat 3",ED_Final_long_fltr12_year_8_racecat_3.csv,4126230,f,e,Emergency Room,8,,3,,12,,ed_final_long_fltr12_year_8_racecat_3
"fltr3&4, year 8, racecat 3",ED_Final_long_fltr34_year_8_racecat_3.csv,4403222,f,e,Emergency Room,8,,3,,34,,ed_final_long_fltr34_year_8_racecat_3
"fltr1&2, year 8, racecat 4",ED_Final_long_fltr12_year_8_racecat_4.csv,5437584,f,e,Emergency Room,8,,4,,12,,ed_final_long_fltr12_year_8_racecat_4
"fltr3&4, year 8, racecat 4",ED_Final_long_fltr34_year_8_racecat_4.csv,5658129,f,e,Emergency Room,8,,4,,34,,ed_final_long_fltr34_year_8_racecat_4
"fltr1&2, year 8, racecat 5",ED_Final_long_fltr12_year_8_racecat_5.csv,10957073,f,e,Emergency Room,8,,5,,12,,ed_final_long_fltr12_year_8_racecat_5
"fltr3&4, year 8, racecat 5",ED_Final_long_fltr34_year_8_racecat_5.csv,11602464,f,e,Emergency Room,8,,5,,34,,ed_final_long_fltr34_year_8_racecat_5
"fltr1&2, year 8, racecat 6",ED_Final_long_fltr12_year_8_racecat_6.csv,3441086,f,e,Emergency Room,8,,6,,12,,ed_final_long_fltr12_year_8_racecat_6
"fltr3&4, year 8, racecat 6",ED_Final_long_fltr34_year_8_racecat_6.csv,3726959,f,e,Emergency Room,8,,6,,34,,ed_final_long_fltr34_year_8_racecat_6
"year 2, eligcatall, sexcat all, dual all",Hosp_Final_long_blankelig_year_2_sexcat_all_dual_all.csv,10007422,f,h,hospitalization,2,.,,.,,.,hosp_final_long_blankelig_year_2_sexcat_all_dual_all
"year 2, eligcatall, sexcat all, dual 0",Hosp_Final_long_blankelig_year_2_sexcat_all_dual_0.csv,9316611,f,h,hospitalization,2,.,,.,,0,hosp_final_long_blankelig_year_2_sexcat_all_dual_0
"year 2, eligcatall, sexcat all, dual 1",Hosp_Final_long_blankelig_year_2_sexcat_all_dual_1.csv,7891811,f,h,hospitalization,2,.,,.,,1,hosp_final_long_blankelig_year_2_sexcat_all_dual_1
"year 2, eligcatall, sexcat 1, dual all",Hosp_Final_long_blankelig_year_2_sexcat_1_dual_all.csv,8813204,f,h,hospitalization,2,.,,1,,.,hosp_final_long_blankelig_year_2_sexcat_1_dual_all
"year 2, eligcatall, sexcat 1, dual 0",Hosp_Final_long_blankelig_year_2_sexcat_1_dual_0.csv,8297913,f,h,hospitalization,2,.,,1,,0,hosp_final_long_blankelig_year_2_sexcat_1_dual_0
"year 2, eligcatall, sexcat 1, dual 1",Hosp_Final_long_blankelig_year_2_sexcat_1_dual_1.csv,6419679,f,h,hospitalization,2,.,,1,,1,hosp_final_long_blankelig_year_2_sexcat_1_dual_1
"year 2, eligcatall, sexcat 2, dual all",Hosp_Final_long_blankelig_year_2_sexcat_2_dual_all.csv,8858714,f,h,hospitalization,2,.,,2,,.,hosp_final_long_blankelig_year_2_sexcat_2_dual_all
"year 2, eligcatall, sexcat 2, dual 0",Hosp_Final_long_blankelig_year_2_sexcat_2_dual_0.csv,8169539,f,h,hospitalization,2,.,,2,,0,hosp_final_long_blankelig_year_2_sexcat_2_dual_0
"year 2, eligcatall, sexcat 2, dual 1",Hosp_Final_long_blankelig_year_2_sexcat_2_dual_1.csv,7159019,f,h,hospitalization,2,.,,2,,1,hosp_final_long_blankelig_year_2_sexcat_2_dual_1
"year 2, fltr1&2, eligcat0-3, sexcat all, dual all",Hosp_Final_long_nonblankelig_fltr12_year_2_sexcat_all_dual_all.csv,9472809,f,h,hospitalization,2,1230,,.,12,.,hosp_final_long_nonblankelig_fltr12_year_2_sexcat_all_dual_all
"year 2, fltr1&2, eligcat0-3, sexcat all, dual 0",Hosp_Final_long_nonblankelig_fltr12_year_2_sexcat_all_dual_0.csv,8321625,f,h,hospitalization,2,1230,,.,12,0,hosp_final_long_nonblankelig_fltr12_year_2_sexcat_all_dual_0
"year 2, fltr1&2, eligcat0-3, sexcat all, dual 1",Hosp_Final_long_nonblankelig_fltr12_year_2_sexcat_all_dual_1.csv,6833097,f,h,hospitalization,2,1230,,.,12,1,hosp_final_long_nonblankelig_fltr12_year_2_sexcat_all_dual_1
"year 2, fltr3&4, eligcat0-3, sexcat all, dual all",Hosp_Final_long_nonblankelig_fltr34_year_2_sexcat_all_dual_all.csv,9550806,f,h,hospitalization,2,1230,,.,34,.,hosp_final_long_nonblankelig_fltr34_year_2_sexcat_all_dual_all
"year 2, fltr3&4, eligcat0-3, sexcat all, dual 0",Hosp_Final_long_nonblankelig_fltr34_year_2_sexcat_all_dual_0.csv,8322968,f,h,hospitalization,2,1230,,.,34,0,hosp_final_long_nonblankelig_fltr34_year_2_sexcat_all_dual_0
"year 2, fltr3&4, eligcat0-3, sexcat all, dual 1",Hosp_Final_long_nonblankelig_fltr34_year_2_sexcat_all_dual_1.csv,6994834,f,h,hospitalization,2,1230,,.,34,1,hosp_final_long_nonblankelig_fltr34_year_2_sexcat_all_dual_1
"year 2, fltr1&2, eligcat0-3, sexcat 1",Hosp_Final_long_nonblankelig_fltr12_year_2_sexcat_1.csv,20197878,f,h,Hospitalization,2,1230,,1,12,,hosp_final_long_nonblankelig_fltr12_year_2_sexcat_1
"year 2, fltr3&4, eligcat0-3, sexcat 1",Hosp_Final_long_nonblankelig_fltr34_year_2_sexcat_1.csv,20413555,f,h,Hospitalization,2,1230,,1,34,,hosp_final_long_nonblankelig_fltr34_year_2_sexcat_1
"year 2, fltr1&2, eligcat0-3, sexcat 2",Hosp_Final_long_nonblankelig_fltr12_year_2_sexcat_2.csv,20138393,f,h,Hospitalization,2,1230,,2,12,,hosp_final_long_nonblankelig_fltr12_year_2_sexcat_2
"year 2, fltr3&4, eligcat0-3, sexcat 2",Hosp_Final_long_nonblankelig_fltr34_year_2_sexcat_2.csv,20359139,f,h,Hospitalization,2,1230,,2,34,,hosp_final_long_nonblankelig_fltr34_year_2_sexcat_2
"year 3, eligcatall, sexcat all, dual all",Hosp_Final_long_blankelig_year_3_sexcat_all_dual_all.csv,10050244,f,h,hospitalization,3,.,,.,,.,hosp_final_long_blankelig_year_3_sexcat_all_dual_all
"year 3, eligcatall, sexcat all, dual 0",Hosp_Final_long_blankelig_year_3_sexcat_all_dual_0.csv,9350084,f,h,hospitalization,3,.,,.,,0,hosp_final_long_blankelig_year_3_sexcat_all_dual_0
"year 3, eligcatall, sexcat all, dual 1",Hosp_Final_long_blankelig_year_3_sexcat_all_dual_1.csv,7898115,f,h,hospitalization,3,.,,.,,1,hosp_final_long_blankelig_year_3_sexcat_all_dual_1
"year 3, eligcatall, sexcat 1, dual all",Hosp_Final_long_blankelig_year_3_sexcat_1_dual_all.csv,8829465,f,h,hospitalization,3,.,,1,,.,hosp_final_long_blankelig_year_3_sexcat_1_dual_all
"year 3, eligcatall, sexcat 1, dual 0",Hosp_Final_long_blankelig_year_3_sexcat_1_dual_0.csv,8320971,f,h,hospitalization,3,.,,1,,0,hosp_final_long_blankelig_year_3_sexcat_1_dual_0
"year 3, eligcatall, sexcat 1, dual 1",Hosp_Final_long_blankelig_year_3_sexcat_1_dual_1.csv,6418315,f,h,hospitalization,3,.,,1,,1,hosp_final_long_blankelig_year_3_sexcat_1_dual_1
"year 3, eligcatall, sexcat 2, dual all",Hosp_Final_long_blankelig_year_3_sexcat_2_dual_all.csv,8897157,f,h,hospitalization,3,.,,2,,.,hosp_final_long_blankelig_year_3_sexcat_2_dual_all
"year 3, eligcatall, sexcat 2, dual 0",Hosp_Final_long_blankelig_year_3_sexcat_2_dual_0.csv,8209877,f,h,hospitalization,3,.,,2,,0,hosp_final_long_blankelig_year_3_sexcat_2_dual_0
"year 3, eligcatall, sexcat 2, dual 1",Hosp_Final_long_blankelig_year_3_sexcat_2_dual_1.csv,7157026,f,h,hospitalization,3,.,,2,,1,hosp_final_long_blankelig_year_3_sexcat_2_dual_1
"year 3, fltr1&2, eligcat0-3, sexcat all, dual all",Hosp_Final_long_nonblankelig_fltr12_year_3_sexcat_all_dual_all.csv,9502132,f,h,hospitalization,3,1230,,.,12,.,hosp_final_long_nonblankelig_fltr12_year_3_sexcat_all_dual_all
"year 3, fltr1&2, eligcat0-3, sexcat all, dual 0",Hosp_Final_long_nonblankelig_fltr12_year_3_sexcat_all_dual_0.csv,8356824,f,h,hospitalization,3,1230,,.,12,0,hosp_final_long_nonblankelig_fltr12_year_3_sexcat_all_dual_0
"year 3, fltr1&2, eligcat0-3, sexcat all, dual 1",Hosp_Final_long_nonblankelig_fltr12_year_3_sexcat_all_dual_1.csv,6830228,f,h,hospitalization,3,1230,,.,12,1,hosp_final_long_nonblankelig_fltr12_year_3_sexcat_all_dual_1
"year 3, fltr3&4, eligcat0-3, sexcat all, dual all",Hosp_Final_long_nonblankelig_fltr34_year_3_sexcat_all_dual_all.csv,9565141,f,h,hospitalization,3,1230,,.,34,.,hosp_final_long_nonblankelig_fltr34_year_3_sexcat_all_dual_all
"year 3, fltr3&4, eligcat0-3, sexcat all, dual 0",Hosp_Final_long_nonblankelig_fltr34_year_3_sexcat_all_dual_0.csv,8342778,f,h,hospitalization,3,1230,,.,34,0,hosp_final_long_nonblankelig_fltr34_year_3_sexcat_all_dual_0
"year 3, fltr3&4, eligcat0-3, sexcat all, dual 1",Hosp_Final_long_nonblankelig_fltr34_year_3_sexcat_all_dual_1.csv,6991148,f,h,hospitalization,3,1230,,.,34,1,hosp_final_long_nonblankelig_fltr34_year_3_sexcat_all_dual_1
"year 3, fltr1&2, eligcat0-3, sexcat 1",Hosp_Final_long_nonblankelig_fltr12_year_3_sexcat_1.csv,20261367,f,h,Hospitalization,3,1230,,1,12,,hosp_final_long_nonblankelig_fltr12_year_3_sexcat_1
"year 3, fltr3&4, eligcat0-3, sexcat 1",Hosp_Final_long_nonblankelig_fltr34_year_3_sexcat_1.csv,20442390,f,h,Hospitalization,3,1230,,1,34,,hosp_final_long_nonblankelig_fltr34_year_3_sexcat_1
"year 3, fltr1&2, eligcat0-3, sexcat 2",Hosp_Final_long_nonblankelig_fltr12_year_3_sexcat_2.csv,20199762,f,h,Hospitalization,3,1230,,2,12,,hosp_final_long_nonblankelig_fltr12_year_3_sexcat_2
"year 3, fltr3&4, eligcat0-3, sexcat 2",Hosp_Final_long_nonblankelig_fltr34_year_3_sexcat_2.csv,20378348,f,h,Hospitalization,3,1230,,2,34,,hosp_final_long_nonblankelig_fltr34_year_3_sexcat_2
"year 4, eligcatall, sexcat all, dual all",Hosp_Final_long_blankelig_year_4_sexcat_all_dual_all.csv,10058718,f,h,hospitalization,4,.,,.,,.,hosp_final_long_blankelig_year_4_sexcat_all_dual_all
"year 4, eligcatall, sexcat all, dual 0",Hosp_Final_long_blankelig_year_4_sexcat_all_dual_0.csv,9381741,f,h,hospitalization,4,.,,.,,0,hosp_final_long_blankelig_year_4_sexcat_all_dual_0
"year 4, eligcatall, sexcat all, dual 1",Hosp_Final_long_blankelig_year_4_sexcat_all_dual_1.csv,7872615,f,h,hospitalization,4,.,,.,,1,hosp_final_long_blankelig_year_4_sexcat_all_dual_1
"year 4, eligcatall, sexcat 1, dual all",Hosp_Final_long_blankelig_year_4_sexcat_1_dual_all.csv,8849919,f,h,hospitalization,4,.,,1,,.,hosp_final_long_blankelig_year_4_sexcat_1_dual_all
"year 4, eligcatall, sexcat 1, dual 0",Hosp_Final_long_blankelig_year_4_sexcat_1_dual_0.csv,8345906,f,h,hospitalization,4,.,,1,,0,hosp_final_long_blankelig_year_4_sexcat_1_dual_0
"year 4, eligcatall, sexcat 1, dual 1",Hosp_Final_long_blankelig_year_4_sexcat_1_dual_1.csv,6382353,f,h,hospitalization,4,.,,1,,1,hosp_final_long_blankelig_year_4_sexcat_1_dual_1
"year 4, eligcatall, sexcat 2, dual all",Hosp_Final_long_blankelig_year_4_sexcat_2_dual_all.csv,8918520,f,h,hospitalization,4,.,,2,,.,hosp_final_long_blankelig_year_4_sexcat_2_dual_all
"year 4, eligcatall, sexcat 2, dual 0",Hosp_Final_long_blankelig_year_4_sexcat_2_dual_0.csv,8242570,f,h,hospitalization,4,.,,2,,0,hosp_final_long_blankelig_year_4_sexcat_2_dual_0
"year 4, eligcatall, sexcat 2, dual 1",Hosp_Final_long_blankelig_year_4_sexcat_2_dual_1.csv,7119833,f,h,hospitalization,4,.,,2,,1,hosp_final_long_blankelig_year_4_sexcat_2_dual_1
"year 4, fltr1&2, eligcat0-3, sexcat all, dual all",Hosp_Final_long_nonblankelig_fltr12_year_4_sexcat_all_dual_all.csv,9514033,f,h,hospitalization,4,1230,,.,12,.,hosp_final_long_nonblankelig_fltr12_year_4_sexcat_all_dual_all
"year 4, fltr1&2, eligcat0-3, sexcat all, dual 0",Hosp_Final_long_nonblankelig_fltr12_year_4_sexcat_all_dual_0.csv,8371946,f,h,hospitalization,4,1230,,.,12,0,hosp_final_long_nonblankelig_fltr12_year_4_sexcat_all_dual_0
"year 4, fltr1&2, eligcat0-3, sexcat all, dual 1",Hosp_Final_long_nonblankelig_fltr12_year_4_sexcat_all_dual_1.csv,6821573,f,h,hospitalization,4,1230,,.,12,1,hosp_final_long_nonblankelig_fltr12_year_4_sexcat_all_dual_1
"year 4, fltr3&4, eligcat0-3, sexcat all, dual all",Hosp_Final_long_nonblankelig_fltr34_year_4_sexcat_all_dual_all.csv,9569615,f,h,hospitalization,4,1230,,.,34,.,hosp_final_long_nonblankelig_fltr34_year_4_sexcat_all_dual_all
"year 4, fltr3&4, eligcat0-3, sexcat all, dual 0",Hosp_Final_long_nonblankelig_fltr34_year_4_sexcat_all_dual_0.csv,8354064,f,h,hospitalization,4,1230,,.,34,0,hosp_final_long_nonblankelig_fltr34_year_4_sexcat_all_dual_0
"year 4, fltr3&4, eligcat0-3, sexcat all, dual 1",Hosp_Final_long_nonblankelig_fltr34_year_4_sexcat_all_dual_1.csv,6966991,f,h,hospitalization,4,1230,,.,34,1,hosp_final_long_nonblankelig_fltr34_year_4_sexcat_all_dual_1
"year 4, fltr1&2, eligcat0-3, sexcat 1",Hosp_Final_long_nonblankelig_fltr12_year_4_sexcat_1.csv,20246652,f,h,Hospitalization,4,1230,,1,12,,hosp_final_long_nonblankelig_fltr12_year_4_sexcat_1
"year 4, fltr3&4, eligcat0-3, sexcat 1",Hosp_Final_long_nonblankelig_fltr34_year_4_sexcat_1.csv,20421236,f,h,Hospitalization,4,1230,,1,34,,hosp_final_long_nonblankelig_fltr34_year_4_sexcat_1
"year 4, fltr1&2, eligcat0-3, sexcat 2",Hosp_Final_long_nonblankelig_fltr12_year_4_sexcat_2.csv,20212821,f,h,Hospitalization,4,1230,,2,12,,hosp_final_long_nonblankelig_fltr12_year_4_sexcat_2
"year 4, fltr3&4, eligcat0-3, sexcat 2",Hosp_Final_long_nonblankelig_fltr34_year_4_sexcat_2.csv,20368810,f,h,Hospitalization,4,1230,,2,34,,hosp_final_long_nonblankelig_fltr34_year_4_sexcat_2
"year 5, eligcatall, sexcat all, dual all",Hosp_Final_long_blankelig_year_5_sexcat_all_dual_all.csv,10083865,f,h,hospitalization,5,.,,.,,.,hosp_final_long_blankelig_year_5_sexcat_all_dual_all
"year 5, eligcatall, sexcat all, dual 0",Hosp_Final_long_blankelig_year_5_sexcat_all_dual_0.csv,9418276,f,h,hospitalization,5,.,,.,,0,hosp_final_long_blankelig_year_5_sexcat_all_dual_0
"year 5, eligcatall, sexcat all, dual 1",Hosp_Final_long_blankelig_year_5_sexcat_all_dual_1.csv,7858287,f,h,hospitalization,5,.,,.,,1,hosp_final_long_blankelig_year_5_sexcat_all_dual_1
"year 5, eligcatall, sexcat 1, dual all",Hosp_Final_long_blankelig_year_5_sexcat_1_dual_all.csv,8865828,f,h,hospitalization,5,.,,1,,.,hosp_final_long_blankelig_year_5_sexcat_1_dual_all
"year 5, eligcatall, sexcat 1, dual 0",Hosp_Final_long_blankelig_year_5_sexcat_1_dual_0.csv,8367457,f,h,hospitalization,5,.,,1,,0,hosp_final_long_blankelig_year_5_sexcat_1_dual_0
"year 5, eligcatall, sexcat 1, dual 1",Hosp_Final_long_blankelig_year_5_sexcat_1_dual_1.csv,6361881,f,h,hospitalization,5,.,,1,,1,hosp_final_long_blankelig_year_5_sexcat_1_dual_1
"year 5, eligcatall, sexcat 2, dual all",Hosp_Final_long_blankelig_year_5_sexcat_2_dual_all.csv,8949730,f,h,hospitalization,5,.,,2,,.,hosp_final_long_blankelig_year_5_sexcat_2_dual_all
"year 5, eligcatall, sexcat 2, dual 0",Hosp_Final_long_blankelig_year_5_sexcat_2_dual_0.csv,8294205,f,h,hospitalization,5,.,,2,,0,hosp_final_long_blankelig_year_5_sexcat_2_dual_0
"year 5, eligcatall, sexcat 2, dual 1",Hosp_Final_long_blankelig_year_5_sexcat_2_dual_1.csv,7099829,f,h,hospitalization,5,.,,2,,1,hosp_final_long_blankelig_year_5_sexcat_2_dual_1
"year 5, fltr1&2, eligcat0-3, sexcat all, dual all",Hosp_Final_long_nonblankelig_fltr12_year_5_sexcat_all_dual_all.csv,9546214,f,h,hospitalization,5,1230,,.,12,.,hosp_final_long_nonblankelig_fltr12_year_5_sexcat_all_dual_all
"year 5, fltr1&2, eligcat0-3, sexcat all, dual 0",Hosp_Final_long_nonblankelig_fltr12_year_5_sexcat_all_dual_0.csv,8412387,f,h,hospitalization,5,1230,,.,12,0,hosp_final_long_nonblankelig_fltr12_year_5_sexcat_all_dual_0
"year 5, fltr1&2, eligcat0-3, sexcat all, dual 1",Hosp_Final_long_nonblankelig_fltr12_year_5_sexcat_all_dual_1.csv,6799578,f,h,hospitalization,5,1230,,.,12,1,hosp_final_long_nonblankelig_fltr12_year_5_sexcat_all_dual_1
"year 5, fltr3&4, eligcat0-3, sexcat all, dual all",Hosp_Final_long_nonblankelig_fltr34_year_5_sexcat_all_dual_all.csv,9604083,f,h,hospitalization,5,1230,,.,34,.,hosp_final_long_nonblankelig_fltr34_year_5_sexcat_all_dual_all
"year 5, fltr3&4, eligcat0-3, sexcat all, dual 0",Hosp_Final_long_nonblankelig_fltr34_year_5_sexcat_all_dual_0.csv,8396602,f,h,hospitalization,5,1230,,.,34,0,hosp_final_long_nonblankelig_fltr34_year_5_sexcat_all_dual_0
"year 5, fltr3&4, eligcat0-3, sexcat all, dual 1",Hosp_Final_long_nonblankelig_fltr34_year_5_sexcat_all_dual_1.csv,6950579,f,h,hospitalization,5,1230,,.,34,1,hosp_final_long_nonblankelig_fltr34_year_5_sexcat_all_dual_1
"year 5, fltr1&2, eligcat0-3, sexcat 1",Hosp_Final_long_nonblankelig_fltr12_year_5_sexcat_1.csv,20246765,f,h,Hospitalization,5,1230,,1,12,,hosp_final_long_nonblankelig_fltr12_year_5_sexcat_1
"year 5, fltr3&4, eligcat0-3, sexcat 1",Hosp_Final_long_nonblankelig_fltr34_year_5_sexcat_1.csv,20425389,f,h,Hospitalization,5,1230,,1,34,,hosp_final_long_nonblankelig_fltr34_year_5_sexcat_1
"year 5, fltr1&2, eligcat0-3, sexcat 2",Hosp_Final_long_nonblankelig_fltr12_year_5_sexcat_2.csv,20238200,f,h,Hospitalization,5,1230,,2,12,,hosp_final_long_nonblankelig_fltr12_year_5_sexcat_2
"year 5, fltr3&4, eligcat0-3, sexcat 2",Hosp_Final_long_nonblankelig_fltr34_year_5_sexcat_2.csv,20395421,f,h,Hospitalization,5,1230,,2,34,,hosp_final_long_nonblankelig_fltr34_year_5_sexcat_2
"year 6, eligcatall, sexcat all, dual all",Hosp_Final_long_blankelig_year_6_sexcat_all_dual_all.csv,10142232,f,h,hospitalization,6,.,,.,,.,hosp_final_long_blankelig_year_6_sexcat_all_dual_all
"year 6, eligcatall, sexcat all, dual 0",Hosp_Final_long_blankelig_year_6_sexcat_all_dual_0.csv,9482678,f,h,hospitalization,6,.,,.,,0,hosp_final_long_blankelig_year_6_sexcat_all_dual_0
"year 6, eligcatall, sexcat all, dual 1",Hosp_Final_long_blankelig_year_6_sexcat_all_dual_1.csv,7904514,f,h,hospitalization,6,.,,.,,1,hosp_final_long_blankelig_year_6_sexcat_all_dual_1
"year 6, eligcatall, sexcat 1, dual all",Hosp_Final_long_blankelig_year_6_sexcat_1_dual_all.csv,8913016,f,h,hospitalization,6,.,,1,,.,hosp_final_long_blankelig_year_6_sexcat_1_dual_all
"year 6, eligcatall, sexcat 1, dual 0",Hosp_Final_long_blankelig_year_6_sexcat_1_dual_0.csv,8411195,f,h,hospitalization,6,.,,1,,0,hosp_final_long_blankelig_year_6_sexcat_1_dual_0
"year 6, eligcatall, sexcat 1, dual 1",Hosp_Final_long_blankelig_year_6_sexcat_1_dual_1.csv,6390203,f,h,hospitalization,6,.,,1,,1,hosp_final_long_blankelig_year_6_sexcat_1_dual_1
"year 6, eligcatall, sexcat 2, dual all",Hosp_Final_long_blankelig_year_6_sexcat_2_dual_all.csv,9004063,f,h,hospitalization,6,.,,2,,.,hosp_final_long_blankelig_year_6_sexcat_2_dual_all
"year 6, eligcatall, sexcat 2, dual 0",Hosp_Final_long_blankelig_year_6_sexcat_2_dual_0.csv,8346657,f,h,hospitalization,6,.,,2,,0,hosp_final_long_blankelig_year_6_sexcat_2_dual_0
"year 6, eligcatall, sexcat 2, dual 1",Hosp_Final_long_blankelig_year_6_sexcat_2_dual_1.csv,7132994,f,h,hospitalization,6,.,,2,,1,hosp_final_long_blankelig_year_6_sexcat_2_dual_1
"year 6, fltr1&2, eligcat0-3, sexcat all, dual all",Hosp_Final_long_nonblankelig_fltr12_year_6_sexcat_all_dual_all.csv,9602018,f,h,hospitalization,6,1230,,.,12,.,hosp_final_long_nonblankelig_fltr12_year_6_sexcat_all_dual_all
"year 6, fltr1&2, eligcat0-3, sexcat all, dual 0",Hosp_Final_long_nonblankelig_fltr12_year_6_sexcat_all_dual_0.csv,8464377,f,h,hospitalization,6,1230,,.,12,0,hosp_final_long_nonblankelig_fltr12_year_6_sexcat_all_dual_0
"year 6, fltr1&2, eligcat0-3, sexcat all, dual 1",Hosp_Final_long_nonblankelig_fltr12_year_6_sexcat_all_dual_1.csv,6828742,f,h,hospitalization,6,1230,,.,12,1,hosp_final_long_nonblankelig_fltr12_year_6_sexcat_all_dual_1
"year 6, fltr3&4, eligcat0-3, sexcat all, dual all",Hosp_Final_long_nonblankelig_fltr34_year_6_sexcat_all_dual_all.csv,9668423,f,h,hospitalization,6,1230,,.,34,.,hosp_final_long_nonblankelig_fltr34_year_6_sexcat_all_dual_all
"year 6, fltr3&4, eligcat0-3, sexcat all, dual 0",Hosp_Final_long_nonblankelig_fltr34_year_6_sexcat_all_dual_0.csv,8456384,f,h,hospitalization,6,1230,,.,34,0,hosp_final_long_nonblankelig_fltr34_year_6_sexcat_all_dual_0
"year 6, fltr3&4, eligcat0-3, sexcat all, dual 1",Hosp_Final_long_nonblankelig_fltr34_year_6_sexcat_all_dual_1.csv,6993750,f,h,hospitalization,6,1230,,.,34,1,hosp_final_long_nonblankelig_fltr34_year_6_sexcat_all_dual_1
"year 6, fltr1&2, eligcat0-3, sexcat 1",Hosp_Final_long_nonblankelig_fltr12_year_6_sexcat_1.csv,20364482,f,h,Hospitalization,6,1230,,1,12,,hosp_final_long_nonblankelig_fltr12_year_6_sexcat_1
"year 6, fltr3&4, eligcat0-3, sexcat 1",Hosp_Final_long_nonblankelig_fltr34_year_6_sexcat_1.csv,20551800,f,h,Hospitalization,6,1230,,1,34,,hosp_final_long_nonblankelig_fltr34_year_6_sexcat_1
"year 6, fltr1&2, eligcat0-3, sexcat 2",Hosp_Final_long_nonblankelig_fltr12_year_6_sexcat_2.csv,20361305,f,h,Hospitalization,6,1230,,2,12,,hosp_final_long_nonblankelig_fltr12_year_6_sexcat_2
"year 6, fltr3&4, eligcat0-3, sexcat 2",Hosp_Final_long_nonblankelig_fltr34_year_6_sexcat_2.csv,20537234,f,h,Hospitalization,6,1230,,2,34,,hosp_final_long_nonblankelig_fltr34_year_6_sexcat_2
"year 7, eligcatall, sexcat all, dual all",Hosp_Final_long_blankelig_year_7_sexcat_all_dual_all.csv,10163091,f,h,hospitalization,7,.,,.,,.,hosp_final_long_blankelig_year_7_sexcat_all_dual_all
"year 7, eligcatall, sexcat all, dual 0",Hosp_Final_long_blankelig_year_7_sexcat_all_dual_0.csv,9511458,f,h,hospitalization,7,.,,.,,0,hosp_final_long_blankelig_year_7_sexcat_all_dual_0
"year 7, eligcatall, sexcat all, dual 1",Hosp_Final_long_blankelig_year_7_sexcat_all_dual_1.csv,7887594,f,h,hospitalization,7,.,,.,,1,hosp_final_long_blankelig_year_7_sexcat_all_dual_1
"year 7, eligcatall, sexcat 1, dual all",Hosp_Final_long_blankelig_year_7_sexcat_1_dual_all.csv,8932949,f,h,hospitalization,7,.,,1,,.,hosp_final_long_blankelig_year_7_sexcat_1_dual_all
"year 7, eligcatall, sexcat 1, dual 0",Hosp_Final_long_blankelig_year_7_sexcat_1_dual_0.csv,8420462,f,h,hospitalization,7,.,,1,,0,hosp_final_long_blankelig_year_7_sexcat_1_dual_0
"year 7, eligcatall, sexcat 1, dual 1",Hosp_Final_long_blankelig_year_7_sexcat_1_dual_1.csv,6385838,f,h,hospitalization,7,.,,1,,1,hosp_final_long_blankelig_year_7_sexcat_1_dual_1
"year 7, eligcatall, sexcat 2, dual all",Hosp_Final_long_blankelig_year_7_sexcat_2_dual_all.csv,9025903,f,h,hospitalization,7,.,,2,,.,hosp_final_long_blankelig_year_7_sexcat_2_dual_all
"year 7, eligcatall, sexcat 2, dual 0",Hosp_Final_long_blankelig_year_7_sexcat_2_dual_0.csv,8370479,f,h,hospitalization,7,.,,2,,0,hosp_final_long_blankelig_year_7_sexcat_2_dual_0
"year 7, eligcatall, sexcat 2, dual 1",Hosp_Final_long_blankelig_year_7_sexcat_2_dual_1.csv,7124481,f,h,hospitalization,7,.,,2,,1,hosp_final_long_blankelig_year_7_sexcat_2_dual_1
"year 7, fltr1&2, eligcat0-3, sexcat all, dual all",Hosp_Final_long_nonblankelig_fltr12_year_7_sexcat_all_dual_all.csv,9609848,f,h,hospitalization,7,1230,,.,12,.,hosp_final_long_nonblankelig_fltr12_year_7_sexcat_all_dual_all
"year 7, fltr1&2, eligcat0-3, sexcat all, dual 0",Hosp_Final_long_nonblankelig_fltr12_year_7_sexcat_all_dual_0.csv,8465497,f,h,hospitalization,7,1230,,.,12,0,hosp_final_long_nonblankelig_fltr12_year_7_sexcat_all_dual_0
"year 7, fltr1&2, eligcat0-3, sexcat all, dual 1",Hosp_Final_long_nonblankelig_fltr12_year_7_sexcat_all_dual_1.csv,6818373,f,h,hospitalization,7,1230,,.,12,1,hosp_final_long_nonblankelig_fltr12_year_7_sexcat_all_dual_1
"year 7, fltr3&4, eligcat0-3, sexcat all, dual all",Hosp_Final_long_nonblankelig_fltr34_year_7_sexcat_all_dual_all.csv,9675501,f,h,hospitalization,7,1230,,.,34,.,hosp_final_long_nonblankelig_fltr34_year_7_sexcat_all_dual_all
"year 7, fltr3&4, eligcat0-3, sexcat all, dual 0",Hosp_Final_long_nonblankelig_fltr34_year_7_sexcat_all_dual_0.csv,8470785,f,h,hospitalization,7,1230,,.,34,0,hosp_final_long_nonblankelig_fltr34_year_7_sexcat_all_dual_0
"year 7, fltr3&4, eligcat0-3, sexcat all, dual 1",Hosp_Final_long_nonblankelig_fltr34_year_7_sexcat_all_dual_1.csv,6980307,f,h,hospitalization,7,1230,,.,34,1,hosp_final_long_nonblankelig_fltr34_year_7_sexcat_all_dual_1
"year 7, fltr1&2, eligcat0-3, sexcat 1",Hosp_Final_long_nonblankelig_fltr12_year_7_sexcat_1.csv,20363052,f,h,Hospitalization,7,1230,,1,12,,hosp_final_long_nonblankelig_fltr12_year_7_sexcat_1
"year 7, fltr3&4, eligcat0-3, sexcat 1",Hosp_Final_long_nonblankelig_fltr34_year_7_sexcat_1.csv,20578811,f,h,Hospitalization,7,1230,,1,34,,hosp_final_long_nonblankelig_fltr34_year_7_sexcat_1
"year 7, fltr1&2, eligcat0-3, sexcat 2",Hosp_Final_long_nonblankelig_fltr12_year_7_sexcat_2.csv,20361045,f,h,Hospitalization,7,1230,,2,12,,hosp_final_long_nonblankelig_fltr12_year_7_sexcat_2
"year 7, fltr3&4, eligcat0-3, sexcat 2",Hosp_Final_long_nonblankelig_fltr34_year_7_sexcat_2.csv,20537637,f,h,Hospitalization,7,1230,,2,34,,hosp_final_long_nonblankelig_fltr34_year_7_sexcat_2
"year 8, fltr1&2, racecat all, sexcat all",Hosp_Final_long_fltr12_year_8_racecat_all_sexcat_all.csv,11748592,f,h,hospitalization,8,,.,.,12,,hosp_final_long_fltr12_year_8_racecat_all_sexcat_all
"year 8, fltr3&4, racecat all, sexcat all",Hosp_Final_long_fltr34_year_8_racecat_all_sexcat_all.csv,11877099,f,h,hospitalization,8,,.,.,34,,hosp_final_long_fltr34_year_8_racecat_all_sexcat_all
"year 8, fltr1&2, racecat all, sexcat 1",Hosp_Final_long_fltr12_year_8_racecat_all_sexcat_1.csv,10625179,f,h,hospitalization,8,,.,1,12,,hosp_final_long_fltr12_year_8_racecat_all_sexcat_1
"year 8, fltr3&4, racecat all, sexcat 1",Hosp_Final_long_fltr34_year_8_racecat_all_sexcat_1.csv,10773911,f,h,hospitalization,8,,.,1,34,,hosp_final_long_fltr34_year_8_racecat_all_sexcat_1
"year 8, fltr1&2, racecat all, sexcat 2",Hosp_Final_long_fltr12_year_8_racecat_all_sexcat_2.csv,10608371,f,h,hospitalization,8,,.,2,12,,hosp_final_long_fltr12_year_8_racecat_all_sexcat_2
"year 8, fltr3&4, racecat all, sexcat 2",Hosp_Final_long_fltr34_year_8_racecat_all_sexcat_2.csv,10741480,f,h,hospitalization,8,,.,2,34,,hosp_final_long_fltr34_year_8_racecat_all_sexcat_2
"year 8, fltr1&2, racecat 1, sexcat all",Hosp_Final_long_fltr12_year_8_racecat_1_sexcat_all.csv,10778035,f,h,hospitalization,8,,1,.,12,,hosp_final_long_fltr12_year_8_racecat_1_sexcat_all
"year 8, fltr3&4, racecat 1, sexcat all",Hosp_Final_long_fltr34_year_8_racecat_1_sexcat_all.csv,10917556,f,h,hospitalization,8,,1,.,34,,hosp_final_long_fltr34_year_8_racecat_1_sexcat_all
"year 8, fltr1&2, racecat 1, sexcat 1",Hosp_Final_long_fltr12_year_8_racecat_1_sexcat_1.csv,9692986,f,h,hospitalization,8,,1,1,12,,hosp_final_long_fltr12_year_8_racecat_1_sexcat_1
"year 8, fltr3&4, racecat 1, sexcat 1",Hosp_Final_long_fltr34_year_8_racecat_1_sexcat_1.csv,9843709,f,h,hospitalization,8,,1,1,34,,hosp_final_long_fltr34_year_8_racecat_1_sexcat_1
"year 8, fltr1&2, racecat 1, sexcat 2",Hosp_Final_long_fltr12_year_8_racecat_1_sexcat_2.csv,9797537,f,h,hospitalization,8,,1,2,12,,hosp_final_long_fltr12_year_8_racecat_1_sexcat_2
"year 8, fltr3&4, racecat 1, sexcat 2",Hosp_Final_long_fltr34_year_8_racecat_1_sexcat_2.csv,9919420,f,h,hospitalization,8,,1,2,34,,hosp_final_long_fltr34_year_8_racecat_1_sexcat_2
"year 8, fltr1&2, racecat 2",Hosp_Final_long_fltr12_year_8_racecat_2.csv,14333790,f,h,Hospitalization,8,,2,,12,,hosp_final_long_fltr12_year_8_racecat_2
"year 8, fltr3&4, racecat 2",Hosp_Final_long_fltr34_year_8_racecat_2.csv,14544724,f,h,Hospitalization,8,,2,,34,,hosp_final_long_fltr34_year_8_racecat_2
"year 8, fltr1&2, racecat 3",Hosp_Final_long_fltr12_year_8_racecat_3.csv,4528229,f,h,Hospitalization,8,,3,,12,,hosp_final_long_fltr12_year_8_racecat_3
"year 8, fltr3&4, racecat 3",Hosp_Final_long_fltr34_year_8_racecat_3.csv,4415692,f,h,Hospitalization,8,,3,,34,,hosp_final_long_fltr34_year_8_racecat_3
"year 8, fltr1&2, racecat 4",Hosp_Final_long_fltr12_year_8_racecat_4.csv,5877075,f,h,Hospitalization,8,,4,,12,,hosp_final_long_fltr12_year_8_racecat_4
"year 8, fltr3&4, racecat 4",Hosp_Final_long_fltr34_year_8_racecat_4.csv,5585429,f,h,Hospitalization,8,,4,,34,,hosp_final_long_fltr34_year_8_racecat_4
"year 8, fltr1&2, racecat 5",Hosp_Final_long_fltr12_year_8_racecat_5.csv,11690899,f,h,Hospitalization,8,,5,,12,,hosp_final_long_fltr12_year_8_racecat_5
"year 8, fltr3&4, racecat 5",Hosp_Final_long_fltr34_year_8_racecat_5.csv,11634514,f,h,Hospitalization,8,,5,,34,,hosp_final_long_fltr34_year_8_racecat_5
"year 8, fltr1&2, racecat 6",Hosp_Final_long_fltr12_year_8_racecat_6.csv,3700625,f,h,Hospitalization,8,,6,,12,,hosp_final_long_fltr12_year_8_racecat_6
"year 8, fltr3&4, racecat 6",Hosp_Final_long_fltr34_year_8_racecat_6.csv,3768047,f,h,Hospitalization,8,,6,,34,,hosp_final_long_fltr34_year_8_racecat_6
,Ipdays_Final_long 12-18.csv,7497844,f,i,Inpatient Days,345678,,,,,,ipdays_final_long_12_18
,Mortality_Final_long 12-18.csv,3944721,f,m,Mortality ,345678,,,,,,mortality_final_long_12_18
dual all,Admsn_Final_long_dual_all.csv,9425012,f,n,Admission Type,345678,,,,,.,admsn_final_long_dual_all_12_18
dual 0,Admsn_Final_long_dual_0.csv,8122188,f,n,Admission Type,345678,,,,,0,admsn_final_long_dual_0_12_18
dual 1,Admsn_Final_long_dual_1.csv,6319016,f,n,Admission Type,345678,,,,,1,admsn_final_long_dual_1_12_18
"year 2-7, fltr 1, dual all, eligcat all, sexcat all",Principalcost_Final_long_year_2_7_fltr_1_dual_all_eligcat_all_sexcat_all.csv,11686440,f,p,principal cost,34567,.,,.,1,.,principalcost_final_long_year_2_7_fltr_1_dual_all_eligcat_all_sexcat_all
"year 2-7, fltr 1, dual 0, eligcat all, sexcat all",Principalcost_Final_long_year_2_7_fltr_1_dual_0_eligcat_all_sexcat_all.csv,9946465,f,p,principal cost,34567,.,,.,1,0,principalcost_final_long_year_2_7_fltr_1_dual_0_eligcat_all_sexcat_all
"year 2-7, fltr 1, dual all, eligcat all, sexcat 1",Principalcost_Final_long_year_2_7_fltr_1_dual_all_eligcat_all_sexcat_1.csv,9025286,f,p,principal cost,34567,.,,1,1,.,principalcost_final_long_year_2_7_fltr_1_dual_all_eligcat_all_sexcat_1
"year 2-7, fltr 1, dual 0, eligcat all, sexcat 1",Principalcost_Final_long_year_2_7_fltr_1_dual_0_eligcat_all_sexcat_1.csv,7699956,f,p,principal cost,34567,.,,1,1,0,principalcost_final_long_year_2_7_fltr_1_dual_0_eligcat_all_sexcat_1
"year 2-7, fltr 1, dual all, eligcat all, sexcat 2",Principalcost_Final_long_year_2_7_fltr_1_dual_all_eligcat_all_sexcat_2.csv,9795167,f,p,principal cost,34567,.,,2,1,.,principalcost_final_long_year_2_7_fltr_1_dual_all_eligcat_all_sexcat_2
"year 2-7, fltr 1, dual 0, eligcat all, sexcat 2",Principalcost_Final_long_year_2_7_fltr_1_dual_0_eligcat_all_sexcat_2.csv,8112130,f,p,principal cost,34567,.,,2,1,0,principalcost_final_long_year_2_7_fltr_1_dual_0_eligcat_all_sexcat_2
"year 2-7, fltr 1, dual 1, eligcat all",Principalcost_Final_long_year_2_7_fltr_1_dual_1_eligcat_all.csv,19886046,f,p,principal cost,34567,.,,,1,1,principalcost_final_long_year_2_7_fltr_1_dual_1_eligcat_all
"year 2-7, fltr 2, dual all, eligcat all",Principalcost_Final_long_year_2_7_fltr_2_dual_all_eligcat_all.csv,7158026,f,p,principal cost,34567,.,,,2,.,principalcost_final_long_year_2_7_fltr_2_dual_all_eligcat_all
"year 2-7, fltr 2, dual 0, eligcat all",Principalcost_Final_long_year_2_7_fltr_2_dual_0_eligcat_all.csv,5990036,f,p,principal cost,34567,.,,,2,0,principalcost_final_long_year_2_7_fltr_2_dual_0_eligcat_all
"year 2-7, fltr 2, dual 1, eligcat all",Principalcost_Final_long_year_2_7_fltr_2_dual_1_eligcat_all.csv,5224346,f,p,principal cost,34567,.,,,2,1,principalcost_final_long_year_2_7_fltr_2_dual_1_eligcat_all
"year 8, fltr 1, dual all, eligcat all",Principalcost_Final_long_year_8_fltr_1_dual_all_eligcat_all.csv,5272927,f,p,principal cost,8,.,,,1,.,principalcost_final_long_year_8_fltr_1_dual_all_eligcat_all
"year 8, fltr 1, dual 0, eligcat all",Principalcost_Final_long_year_8_fltr_1_dual_0_eligcat_all.csv,4474010,f,p,principal cost,8,.,,,1,0,principalcost_final_long_year_8_fltr_1_dual_0_eligcat_all
"year 8, fltr 1, dual 1, eligcat all",Principalcost_Final_long_year_8_fltr_1_dual_1_eligcat_all.csv,3396361,f,p,principal cost,8,.,,,1,1,principalcost_final_long_year_8_fltr_1_dual_1_eligcat_all
"year 8, fltr 2, dual all, eligcat all",Principalcost_Final_long_year_8_fltr_2_dual_all_eligcat_all.csv,1229275,f,p,principal cost,8,.,,,2,.,principalcost_final_long_year_8_fltr_2_dual_all_eligcat_all
"year 8, fltr 2, dual 0, eligcat all",Principalcost_Final_long_year_8_fltr_2_dual_0_eligcat_all.csv,1043220,f,p,principal cost,8,.,,,2,0,principalcost_final_long_year_8_fltr_2_dual_0_eligcat_all
"year 8, fltr 2, dual 1, eligcat all",Principalcost_Final_long_year_8_fltr_2_dual_1_eligcat_all.csv,885203,f,p,principal cost,8,.,,,2,1,principalcost_final_long_year_8_fltr_2_dual_1_eligcat_all
"fltr 1, dual all, eligcat 0, sexcat all",Principalcost_Final_long_fltr_1_dual_all_eligcat_0_sexcat_all.csv,9905318,f,p,principal cost,345678,0,,.,1,.,principalcost_final_long_fltr_1_dual_all_eligcat_0_sexcat_all
"fltr 1, dual 0, eligcat 0, sexcat all",Principalcost_Final_long_fltr_1_dual_0_eligcat_0_sexcat_all.csv,9112789,f,p,principal cost,345678,0,,.,1,0,principalcost_final_long_fltr_1_dual_0_eligcat_0_sexcat_all
"fltr 1, dual all, eligcat 0, sexcat 1",Principalcost_Final_long_fltr_1_dual_all_eligcat_0_sexcat_1.csv,7419561,f,p,principal cost,345678,0,,1,1,.,principalcost_final_long_fltr_1_dual_all_eligcat_0_sexcat_1
"fltr 1, dual 0, eligcat 0, sexcat 1",Principalcost_Final_long_fltr_1_dual_0_eligcat_0_sexcat_1.csv,6913513,f,p,principal cost,345678,0,,1,1,0,principalcost_final_long_fltr_1_dual_0_eligcat_0_sexcat_1
"fltr 1, dual all, eligcat 0, sexcat 2",Principalcost_Final_long_fltr_1_dual_all_eligcat_0_sexcat_2.csv,8456659,f,p,principal cost,345678,0,,2,1,.,principalcost_final_long_fltr_1_dual_all_eligcat_0_sexcat_2
"fltr 1, dual 0, eligcat 0, sexcat 2",Principalcost_Final_long_fltr_1_dual_0_eligcat_0_sexcat_2.csv,7654747,f,p,principal cost,345678,0,,2,1,0,principalcost_final_long_fltr_1_dual_0_eligcat_0_sexcat_2
"fltr 1, dual 1, eligcat 0",Principalcost_Final_long_fltr_1_dual_1_eligcat_0.csv,12893086,f,p,Principal Cost,345678,0,,,1,1,principalcost_final_long_fltr_1_dual_1_eligcat_0
"fltr 2, dual all, eligcat 0",Principalcost_Final_long_fltr_2_dual_all_eligcat_0.csv,6886931,f,p,Principal Cost,345678,0,,,2,.,principalcost_final_long_fltr_2_dual_all_eligcat_0
"fltr 2, dual 0, eligcat 0",Principalcost_Final_long_fltr_2_dual_0_eligcat_0.csv,6375699,f,p,Principal Cost,345678,0,,,2,0,principalcost_final_long_fltr_2_dual_0_eligcat_0
"fltr 2, dual 1, eligcat 0",Principalcost_Final_long_fltr_2_dual_1_eligcat_0.csv,3471389,f,p,Principal Cost,345678,0,,,2,1,principalcost_final_long_fltr_2_dual_1_eligcat_0
"fltr 1, dual all, eligcat 1, sexcat all",Principalcost_Final_long_fltr_1_dual_all_eligcat_1_sexcat_all.csv,9185084,f,p,principal cost,345678,1,,.,1,.,principalcost_final_long_fltr_1_dual_all_eligcat_1_sexcat_all
"fltr 1, dual all, eligcat 1, sexcat 1",Principalcost_Final_long_fltr_1_dual_all_eligcat_1_sexcat_1.csv,6816872,f,p,principal cost,345678,1,,1,1,.,principalcost_final_long_fltr_1_dual_all_eligcat_1_sexcat_1
"fltr 1, dual all, eligcat 1, sexcat 2",Principalcost_Final_long_fltr_1_dual_all_eligcat_1_sexcat_2.csv,7117722,f,p,principal cost,345678,1,,2,1,.,principalcost_final_long_fltr_1_dual_all_eligcat_1_sexcat_2
"fltr 1, dual 0, eligcat 1",Principalcost_Final_long_fltr_1_dual_0_eligcat_1.csv,16943607,f,p,Principal Cost,345678,1,,,1,0,principalcost_final_long_fltr_1_dual_0_eligcat_1
"fltr 1, dual 1, eligcat 1",Principalcost_Final_long_fltr_1_dual_1_eligcat_1.csv,16591943,f,p,Principal Cost,345678,1,,,1,1,principalcost_final_long_fltr_1_dual_1_eligcat_1
"fltr 2, dual all, eligcat 1",Principalcost_Final_long_fltr_2_dual_all_eligcat_1.csv,6871434,f,p,Principal Cost,345678,1,,,2,.,principalcost_final_long_fltr_2_dual_all_eligcat_1
"fltr 2, dual 0, eligcat 1",Principalcost_Final_long_fltr_2_dual_0_eligcat_1.csv,4793434,f,p,Principal Cost,345678,1,,,2,0,principalcost_final_long_fltr_2_dual_0_eligcat_1
"fltr 2, dual 1, eligcat 1",Principalcost_Final_long_fltr_2_dual_1_eligcat_1.csv,5645615,f,p,Principal Cost,345678,1,,,2,1,principalcost_final_long_fltr_2_dual_1_eligcat_1
"fltr 1, dual all, eligcat 2",Principalcost_Final_long_fltr_1_dual_all_eligcat_2.csv,1541227,f,p,Principal Cost,345678,2,,,1,.,principalcost_final_long_fltr_1_dual_all_eligcat_2
"fltr 1, dual 0, eligcat 2",Principalcost_Final_long_fltr_1_dual_0_eligcat_2.csv,835429,f,p,Principal Cost,345678,2,,,1,0,principalcost_final_long_fltr_1_dual_0_eligcat_2
"fltr 1, dual 1, eligcat 2",Principalcost_Final_long_fltr_1_dual_1_eligcat_2.csv,860766,f,p,Principal Cost,345678,2,,,1,1,principalcost_final_long_fltr_1_dual_1_eligcat_2
"fltr 2, dual all, eligcat 2",Principalcost_Final_long_fltr_2_dual_all_eligcat_2.csv,574149,f,p,Principal Cost,345678,2,,,2,.,principalcost_final_long_fltr_2_dual_all_eligcat_2
"fltr 2, dual 0, eligcat 2",Principalcost_Final_long_fltr_2_dual_0_eligcat_2.csv,277932,f,p,Principal Cost,345678,2,,,2,0,principalcost_final_long_fltr_2_dual_0_eligcat_2
"fltr 2, dual 1, eligcat 2",Principalcost_Final_long_fltr_2_dual_1_eligcat_2.csv,359124,f,p,Principal Cost,345678,2,,,2,1,principalcost_final_long_fltr_2_dual_1_eligcat_2
"fltr 1, dual all, eligcat 3",Principalcost_Final_long_fltr_1_dual_all_eligcat_3.csv,1906692,f,p,Principal Cost,345678,3,,,1,.,principalcost_final_long_fltr_1_dual_all_eligcat_3
"fltr 1, dual 0, eligcat 3",Principalcost_Final_long_fltr_1_dual_0_eligcat_3.csv,1033267,f,p,Principal Cost,345678,3,,,1,0,principalcost_final_long_fltr_1_dual_0_eligcat_3
"fltr 1, dual 1, eligcat 3",Principalcost_Final_long_fltr_1_dual_1_eligcat_3.csv,1041144,f,p,Principal Cost,345678,3,,,1,1,principalcost_final_long_fltr_1_dual_1_eligcat_3
"fltr 2, dual all, eligcat 3",Principalcost_Final_long_fltr_2_dual_all_eligcat_3.csv,753220,f,p,Principal Cost,345678,3,,,2,.,principalcost_final_long_fltr_2_dual_all_eligcat_3
"fltr 2, dual 0, eligcat 3",Principalcost_Final_long_fltr_2_dual_0_eligcat_3.csv,372203,f,p,Principal Cost,345678,3,,,2,0,principalcost_final_long_fltr_2_dual_0_eligcat_3
"fltr 2, dual 1, eligcat 3",Principalcost_Final_long_fltr_2_dual_1_eligcat_3.csv,446589,f,p,Principal Cost,345678,3,,,2,1,principalcost_final_long_fltr_2_dual_1_eligcat_3
year 2,PQI_Final_long_year_12.csv,15330880,f,q,PQI ,2,,,,,,pqi_final_long_year_2
year 3,PQI_Final_long_year_13.csv,15357077,f,q,PQI ,3,,,,,,pqi_final_long_year_3
year 4,PQI_Final_long_year_14.csv,15336371,f,q,PQI ,4,,,,,,pqi_final_long_year_4
year 5,PQI_Final_long_year_15.csv,15317555,f,q,PQI ,5,,,,,,pqi_final_long_year_5
year 6,PQI_Final_long_year_16.csv,15096399,f,q,PQI ,6,,,,,,pqi_final_long_year_6
,Readmission_Final_long 12-18.csv,10064948,f,r,Readmission ,345678,,,,,,readmission_final_long_12_18
sexcat all,PSI_Final_long_sex_all.csv,15317798,f,s,PSI,345678,,,.,,,psi_final_long_sex_all_12_18
sexcat 1,PSI_Final_long_sex_1.csv,11246642,f,s,PSI,345678,,,1,,,psi_final_long_sex_1_12_18
sexcat 2,PSI_Final_long_sex_2.csv,11723352,f,s,PSI,345678,,,2,,,psi_final_long_sex_2_12_18
"year 2, dual all",Totalcost_Final_long_year_2_dual_all.csv,15733645,f,t,Total Cost,2,,,,,.,totalcost_final_long_year_2_dual_all
"year 2, dual 0",Totalcost_Final_long_year_2_dual_0.csv,12779453,f,t,Total Cost,2,,,,,0,totalcost_final_long_year_2_dual_0
"year 2, dual 1",Totalcost_Final_long_year_2_dual_1.csv,10137954,f,t,Total Cost,2,,,,,1,totalcost_final_long_year_2_dual_1
"year 3, dual all",Totalcost_Final_long_year_3_dual_all.csv,15861139,f,t,Total Cost,3,,,,,.,totalcost_final_long_year_3_dual_all
"year 3, dual 0",Totalcost_Final_long_year_3_dual_0.csv,12925591,f,t,Total Cost,3,,,,,0,totalcost_final_long_year_3_dual_0
"year 3, dual 1",Totalcost_Final_long_year_3_dual_1.csv,10174700,f,t,Total Cost,3,,,,,1,totalcost_final_long_year_3_dual_1
"year 4, dual all",Totalcost_Final_long_year_4_dual_all.csv,15954102,f,t,Total Cost,4,,,,,.,totalcost_final_long_year_4_dual_all
"year 4, dual 0",Totalcost_Final_long_year_4_dual_0.csv,13053180,f,t,Total Cost,4,,,,,0,totalcost_final_long_year_4_dual_0
"year 4, dual 1",Totalcost_Final_long_year_4_dual_1.csv,10148895,f,t,Total Cost,4,,,,,1,totalcost_final_long_year_4_dual_1
"year 5, dual all",Totalcost_Final_long_year_5_dual_all.csv,16208544,f,t,Total Cost,5,,,,,.,totalcost_final_long_year_5_dual_all
"year 5, dual 0",Totalcost_Final_long_year_5_dual_0.csv,13324672,f,t,Total Cost,5,,,,,0,totalcost_final_long_year_5_dual_0
"year 5, dual 1",Totalcost_Final_long_year_5_dual_1.csv,10233574,f,t,Total Cost,5,,,,,1,totalcost_final_long_year_5_dual_1
"year 6, dual all",Totalcost_Final_long_year_6_dual_all.csv,16625121,f,t,Total Cost,6,,,,,.,totalcost_final_long_year_6_dual_all
"year 6, dual 0",Totalcost_Final_long_year_6_dual_0.csv,13650033,f,t,Total Cost,6,,,,,0,totalcost_final_long_year_6_dual_0
"year 6, dual 1",Totalcost_Final_long_year_6_dual_1.csv,10534325,f,t,Total Cost,6,,,,,1,totalcost_final_long_year_6_dual_1
"year 7, dual all",Totalcost_Final_long_year_7_dual_all.csv,16804521,f,t,Total Cost,7,,,,,.,totalcost_final_long_year_7_dual_all
"year 7, dual 0",Totalcost_Final_long_year_7_dual_0.csv,13817311,f,t,Total Cost,7,,,,,0,totalcost_final_long_year_7_dual_0
"year 7, dual 1",Totalcost_Final_long_year_7_dual_1.csv,10623317,f,t,Total Cost,7,,,,,1,totalcost_final_long_year_7_dual_1
"year 8, dual all",Totalcost_Final_long_year_8_dual_all.csv,16875424,f,t,Total Cost,8,,,,,.,totalcost_final_long_year_8_dual_all
"year 8, dual 0",Totalcost_Final_long_year_8_dual_0.csv,13912791,f,t,Total Cost,8,,,,,0,totalcost_final_long_year_8_dual_0
"year 8, dual 1",Totalcost_Final_long_year_8_dual_1.csv,10587945,f,t,Total Cost,8,,,,,1,totalcost_final_long_year_8_dual_1
"year 2, eligcatall, sexcat all, dual all",Prev_Final_long_blankelig_year_2_sexcat_all_dual_all.csv,10876972,f,v,prevalence,2,.,,.,,.,prev_final_long_blankelig_year_2_sexcat_all_dual_all
"year 2, eligcatall, sexcat all, dual 0",Prev_Final_long_blankelig_year_2_sexcat_all_dual_0.csv,10051666,f,v,prevalence,2,.,,.,,0,prev_final_long_blankelig_year_2_sexcat_all_dual_0
"year 2, eligcatall, sexcat all, dual 1",Prev_Final_long_blankelig_year_2_sexcat_all_dual_1.csv,8789722,f,v,prevalence,2,.,,.,,1,prev_final_long_blankelig_year_2_sexcat_all_dual_1
"year 2, eligcatall, sexcat 1, dual all",Prev_Final_long_blankelig_year_2_sexcat_1_dual_all.csv,9533115,f,v,prevalence,2,.,,1,,.,prev_final_long_blankelig_year_2_sexcat_1_dual_all
"year 2, eligcatall, sexcat 1, dual 0",Prev_Final_long_blankelig_year_2_sexcat_1_dual_0.csv,8897850,f,v,prevalence,2,.,,1,,0,prev_final_long_blankelig_year_2_sexcat_1_dual_0
"year 2, eligcatall, sexcat 1, dual 1",Prev_Final_long_blankelig_year_2_sexcat_1_dual_1.csv,7210839,f,v,prevalence,2,.,,1,,1,prev_final_long_blankelig_year_2_sexcat_1_dual_1
"year 2, eligcatall, sexcat 2, dual all",Prev_Final_long_blankelig_year_2_sexcat_2_dual_all.csv,9697539,f,v,prevalence,2,.,,2,,.,prev_final_long_blankelig_year_2_sexcat_2_dual_all
"year 2, eligcatall, sexcat 2, dual 0",Prev_Final_long_blankelig_year_2_sexcat_2_dual_0.csv,8872110,f,v,prevalence,2,.,,2,,0,prev_final_long_blankelig_year_2_sexcat_2_dual_0
"year 2, eligcatall, sexcat 2, dual 1",Prev_Final_long_blankelig_year_2_sexcat_2_dual_1.csv,8002566,f,v,prevalence,2,.,,2,,1,prev_final_long_blankelig_year_2_sexcat_2_dual_1
"year 2, fltr1&2, eligcat0-3, sexcat all, dual all",Prev_Final_long_nonblankelig_fltr12_year_2_sexcat_all_dual_all.csv,9691014,f,v,prevalence,2,1230,,.,12,.,prev_final_long_nonblankelig_fltr12_year_2_sexcat_all_dual_all
"year 2, fltr1&2, eligcat0-3, sexcat all, dual 0",Prev_Final_long_nonblankelig_fltr12_year_2_sexcat_all_dual_0.csv,8387529,f,v,prevalence,2,1230,,.,12,0,prev_final_long_nonblankelig_fltr12_year_2_sexcat_all_dual_0
"year 2, fltr1&2, eligcat0-3, sexcat all, dual 1",Prev_Final_long_nonblankelig_fltr12_year_2_sexcat_all_dual_1.csv,7207123,f,v,prevalence,2,1230,,.,12,1,prev_final_long_nonblankelig_fltr12_year_2_sexcat_all_dual_1
"year 2, fltr3&4, eligcat0-3, sexcat all, dual all",Prev_Final_long_nonblankelig_fltr34_year_2_sexcat_all_dual_all.csv,11143537,f,v,prevalence,2,1230,,.,34,.,prev_final_long_nonblankelig_fltr34_year_2_sexcat_all_dual_all
"year 2, fltr3&4, eligcat0-3, sexcat all, dual 0",Prev_Final_long_nonblankelig_fltr34_year_2_sexcat_all_dual_0.csv,9624926,f,v,prevalence,2,1230,,.,34,0,prev_final_long_nonblankelig_fltr34_year_2_sexcat_all_dual_0
"year 2, fltr3&4, eligcat0-3, sexcat all, dual 1",Prev_Final_long_nonblankelig_fltr34_year_2_sexcat_all_dual_1.csv,8521498,f,v,prevalence,2,1230,,.,34,1,prev_final_long_nonblankelig_fltr34_year_2_sexcat_all_dual_1
"year 2, fltr1&2, eligcat0-3, sexcat 1",Prev_Final_long_nonblankelig_fltr12_year_2_sexcat_1.csv,20672247,f,v,Prevalence,2,1230,,1,12,,prev_final_long_nonblankelig_fltr12_year_2_sexcat_1
"year 2, fltr3&4, eligcat0-3, sexcat 1, dual all",Prev_Final_long_nonblankelig_fltr34_year_2_sexcat_1_dual_all.csv,9330519,f,v,prevalence,2,1230,,1,34,.,prev_final_long_nonblankelig_fltr34_year_2_sexcat_1_dual_all
"year 2, fltr3&4, eligcat0-3, sexcat 1, dual 0",Prev_Final_long_nonblankelig_fltr34_year_2_sexcat_1_dual_0.csv,8211542,f,v,prevalence,2,1230,,1,34,0,prev_final_long_nonblankelig_fltr34_year_2_sexcat_1_dual_0
"year 2, fltr3&4, eligcat0-3, sexcat 1, dual 1",Prev_Final_long_nonblankelig_fltr34_year_2_sexcat_1_dual_1.csv,6560924,f,v,prevalence,2,1230,,1,34,1,prev_final_long_nonblankelig_fltr34_year_2_sexcat_1_dual_1
"year 2, fltr1&2, eligcat0-3, sexcat 2",Prev_Final_long_nonblankelig_fltr12_year_2_sexcat_2.csv,20807721,f,v,Prevalence,2,1230,,2,12,,prev_final_long_nonblankelig_fltr12_year_2_sexcat_2
"year 2, fltr3&4, eligcat0-3, sexcat 2, dual all",Prev_Final_long_nonblankelig_fltr34_year_2_sexcat_2_dual_all.csv,9242040,f,v,prevalence,2,1230,,2,34,.,prev_final_long_nonblankelig_fltr34_year_2_sexcat_2_dual_all
"year 2, fltr3&4, eligcat0-3, sexcat 2, dual 0",Prev_Final_long_nonblankelig_fltr34_year_2_sexcat_2_dual_0.csv,7762822,f,v,prevalence,2,1230,,2,34,0,prev_final_long_nonblankelig_fltr34_year_2_sexcat_2_dual_0
"year 2, fltr3&4, eligcat0-3, sexcat 2, dual 1",Prev_Final_long_nonblankelig_fltr34_year_2_sexcat_2_dual_1.csv,7286884,f,v,prevalence,2,1230,,2,34,1,prev_final_long_nonblankelig_fltr34_year_2_sexcat_2_dual_1
"year 3, eligcatall, sexcat all, dual all",Prev_Final_long_blankelig_year_3_sexcat_all_dual_all.csv,10937857,f,v,prevalence,3,.,,.,,.,prev_final_long_blankelig_year_3_sexcat_all_dual_all
"year 3, eligcatall, sexcat all, dual 0",Prev_Final_long_blankelig_year_3_sexcat_all_dual_0.csv,10100640,f,v,prevalence,3,.,,.,,0,prev_final_long_blankelig_year_3_sexcat_all_dual_0
"year 3, eligcatall, sexcat all, dual 1",Prev_Final_long_blankelig_year_3_sexcat_all_dual_1.csv,8808720,f,v,prevalence,3,.,,.,,1,prev_final_long_blankelig_year_3_sexcat_all_dual_1
"year 3, eligcatall, sexcat 1, dual all",Prev_Final_long_blankelig_year_3_sexcat_1_dual_all.csv,9567082,f,v,prevalence,3,.,,1,,.,prev_final_long_blankelig_year_3_sexcat_1_dual_all
"year 3, eligcatall, sexcat 1, dual 0",Prev_Final_long_blankelig_year_3_sexcat_1_dual_0.csv,8935957,f,v,prevalence,3,.,,1,,0,prev_final_long_blankelig_year_3_sexcat_1_dual_0
"year 3, eligcatall, sexcat 1, dual 1",Prev_Final_long_blankelig_year_3_sexcat_1_dual_1.csv,7222354,f,v,prevalence,3,.,,1,,1,prev_final_long_blankelig_year_3_sexcat_1_dual_1
"year 3, eligcatall, sexcat 2, dual all",Prev_Final_long_blankelig_year_3_sexcat_2_dual_all.csv,9746243,f,v,prevalence,3,.,,2,,.,prev_final_long_blankelig_year_3_sexcat_2_dual_all
"year 3, eligcatall, sexcat 2, dual 0",Prev_Final_long_blankelig_year_3_sexcat_2_dual_0.csv,8923287,f,v,prevalence,3,.,,2,,0,prev_final_long_blankelig_year_3_sexcat_2_dual_0
"year 3, eligcatall, sexcat 2, dual 1",Prev_Final_long_blankelig_year_3_sexcat_2_dual_1.csv,8012901,f,v,prevalence,3,.,,2,,1,prev_final_long_blankelig_year_3_sexcat_2_dual_1
"year 3, fltr1&2, eligcat0-3, sexcat all, dual all",Prev_Final_long_nonblankelig_fltr12_year_3_sexcat_all_dual_all.csv,9725988,f,v,prevalence,3,1230,,.,12,.,prev_final_long_nonblankelig_fltr12_year_3_sexcat_all_dual_all
"year 3, fltr1&2, eligcat0-3, sexcat all, dual 0",Prev_Final_long_nonblankelig_fltr12_year_3_sexcat_all_dual_0.csv,8424848,f,v,prevalence,3,1230,,.,12,0,prev_final_long_nonblankelig_fltr12_year_3_sexcat_all_dual_0
"year 3, fltr1&2, eligcat0-3, sexcat all, dual 1",Prev_Final_long_nonblankelig_fltr12_year_3_sexcat_all_dual_1.csv,7204845,f,v,prevalence,3,1230,,.,12,1,prev_final_long_nonblankelig_fltr12_year_3_sexcat_all_dual_1
"year 3, fltr3&4, eligcat0-3, sexcat all, dual all",Prev_Final_long_nonblankelig_fltr34_year_3_sexcat_all_dual_all.csv,11206067,f,v,prevalence,3,1230,,.,34,.,prev_final_long_nonblankelig_fltr34_year_3_sexcat_all_dual_all
"year 3, fltr3&4, eligcat0-3, sexcat all, dual 0",Prev_Final_long_nonblankelig_fltr34_year_3_sexcat_all_dual_0.csv,9687234,f,v,prevalence,3,1230,,.,34,0,prev_final_long_nonblankelig_fltr34_year_3_sexcat_all_dual_0
"year 3, fltr3&4, eligcat0-3, sexcat all, dual 1",Prev_Final_long_nonblankelig_fltr34_year_3_sexcat_all_dual_1.csv,8538322,f,v,prevalence,3,1230,,.,34,1,prev_final_long_nonblankelig_fltr34_year_3_sexcat_all_dual_1
"year 3, fltr1&2, eligcat0-3, sexcat 1",Prev_Final_long_nonblankelig_fltr12_year_3_sexcat_1.csv,20747555,f,v,Prevalence,3,1230,,1,12,,prev_final_long_nonblankelig_fltr12_year_3_sexcat_1
"year 3, fltr3&4, eligcat0-3, sexcat 1, dual all",Prev_Final_long_nonblankelig_fltr34_year_3_sexcat_1_dual_all.csv,9388381,f,v,prevalence,3,1230,,1,34,.,prev_final_long_nonblankelig_fltr34_year_3_sexcat_1_dual_all
"year 3, fltr3&4, eligcat0-3, sexcat 1, dual 0",Prev_Final_long_nonblankelig_fltr34_year_3_sexcat_1_dual_0.csv,8267927,f,v,prevalence,3,1230,,1,34,0,prev_final_long_nonblankelig_fltr34_year_3_sexcat_1_dual_0
"year 3, fltr3&4, eligcat0-3, sexcat 1, dual 1",Prev_Final_long_nonblankelig_fltr34_year_3_sexcat_1_dual_1.csv,6583110,f,v,prevalence,3,1230,,1,34,1,prev_final_long_nonblankelig_fltr34_year_3_sexcat_1_dual_1
"year 3, fltr1&2, eligcat0-3, sexcat 2",Prev_Final_long_nonblankelig_fltr12_year_3_sexcat_2.csv,20867954,f,v,Prevalence,3,1230,,2,12,,prev_final_long_nonblankelig_fltr12_year_3_sexcat_2
"year 3, fltr3&4, eligcat0-3, sexcat 2, dual all",Prev_Final_long_nonblankelig_fltr34_year_3_sexcat_2_dual_all.csv,9294043,f,v,prevalence,3,1230,,2,34,.,prev_final_long_nonblankelig_fltr34_year_3_sexcat_2_dual_all
"year 3, fltr3&4, eligcat0-3, sexcat 2, dual 0",Prev_Final_long_nonblankelig_fltr34_year_3_sexcat_2_dual_0.csv,7821587,f,v,prevalence,3,1230,,2,34,0,prev_final_long_nonblankelig_fltr34_year_3_sexcat_2_dual_0
"year 3, fltr3&4, eligcat0-3, sexcat 2, dual 1",Prev_Final_long_nonblankelig_fltr34_year_3_sexcat_2_dual_1.csv,7297186,f,v,prevalence,3,1230,,2,34,1,prev_final_long_nonblankelig_fltr34_year_3_sexcat_2_dual_1
"year 4, eligcatall, sexcat all, dual all",Prev_Final_long_blankelig_year_4_sexcat_all_dual_all.csv,10966090,f,v,prevalence,4,.,,.,,.,prev_final_long_blankelig_year_4_sexcat_all_dual_all
"year 4, eligcatall, sexcat all, dual 0",Prev_Final_long_blankelig_year_4_sexcat_all_dual_0.csv,10147062,f,v,prevalence,4,.,,.,,0,prev_final_long_blankelig_year_4_sexcat_all_dual_0
"year 4, eligcatall, sexcat all, dual 1",Prev_Final_long_blankelig_year_4_sexcat_all_dual_1.csv,8791683,f,v,prevalence,4,.,,.,,1,prev_final_long_blankelig_year_4_sexcat_all_dual_1
"year 4, eligcatall, sexcat 1, dual all",Prev_Final_long_blankelig_year_4_sexcat_1_dual_all.csv,9589235,f,v,prevalence,4,.,,1,,.,prev_final_long_blankelig_year_4_sexcat_1_dual_all
"year 4, eligcatall, sexcat 1, dual 0",Prev_Final_long_blankelig_year_4_sexcat_1_dual_0.csv,8964504,f,v,prevalence,4,.,,1,,0,prev_final_long_blankelig_year_4_sexcat_1_dual_0
"year 4, eligcatall, sexcat 1, dual 1",Prev_Final_long_blankelig_year_4_sexcat_1_dual_1.csv,7194055,f,v,prevalence,4,.,,1,,1,prev_final_long_blankelig_year_4_sexcat_1_dual_1
"year 4, eligcatall, sexcat 2, dual all",Prev_Final_long_blankelig_year_4_sexcat_2_dual_all.csv,9783090,f,v,prevalence,4,.,,2,,.,prev_final_long_blankelig_year_4_sexcat_2_dual_all
"year 4, eligcatall, sexcat 2, dual 0",Prev_Final_long_blankelig_year_4_sexcat_2_dual_0.csv,8976578,f,v,prevalence,4,.,,2,,0,prev_final_long_blankelig_year_4_sexcat_2_dual_0
"year 4, eligcatall, sexcat 2, dual 1",Prev_Final_long_blankelig_year_4_sexcat_2_dual_1.csv,7993523,f,v,prevalence,4,.,,2,,1,prev_final_long_blankelig_year_4_sexcat_2_dual_1
"year 4, fltr1&2, eligcat0-3, sexcat all, dual all",Prev_Final_long_nonblankelig_fltr12_year_4_sexcat_all_dual_all.csv,9736641,f,v,prevalence,4,1230,,.,12,.,prev_final_long_nonblankelig_fltr12_year_4_sexcat_all_dual_all
"year 4, fltr1&2, eligcat0-3, sexcat all, dual 0",Prev_Final_long_nonblankelig_fltr12_year_4_sexcat_all_dual_0.csv,8454127,f,v,prevalence,4,1230,,.,12,0,prev_final_long_nonblankelig_fltr12_year_4_sexcat_all_dual_0
"year 4, fltr1&2, eligcat0-3, sexcat all, dual 1",Prev_Final_long_nonblankelig_fltr12_year_4_sexcat_all_dual_1.csv,7193924,f,v,prevalence,4,1230,,.,12,1,prev_final_long_nonblankelig_fltr12_year_4_sexcat_all_dual_1
"year 4, fltr3&4, eligcat0-3, sexcat all, dual all",Prev_Final_long_nonblankelig_fltr34_year_4_sexcat_all_dual_all.csv,11245543,f,v,prevalence,4,1230,,.,34,.,prev_final_long_nonblankelig_fltr34_year_4_sexcat_all_dual_all
"year 4, fltr3&4, eligcat0-3, sexcat all, dual 0",Prev_Final_long_nonblankelig_fltr34_year_4_sexcat_all_dual_0.csv,9745045,f,v,prevalence,4,1230,,.,34,0,prev_final_long_nonblankelig_fltr34_year_4_sexcat_all_dual_0
"year 4, fltr3&4, eligcat0-3, sexcat all, dual 1",Prev_Final_long_nonblankelig_fltr34_year_4_sexcat_all_dual_1.csv,8548442,f,v,prevalence,4,1230,,.,34,1,prev_final_long_nonblankelig_fltr34_year_4_sexcat_all_dual_1
"year 4, fltr1&2, eligcat0-3, sexcat 1",Prev_Final_long_nonblankelig_fltr12_year_4_sexcat_1.csv,20721157,f,v,Prevalence,4,1230,,1,12,,prev_final_long_nonblankelig_fltr12_year_4_sexcat_1
"year 4, fltr3&4, eligcat0-3, sexcat 1, dual all",Prev_Final_long_nonblankelig_fltr34_year_4_sexcat_1_dual_all.csv,9430648,f,v,prevalence,4,1230,,1,34,.,prev_final_long_nonblankelig_fltr34_year_4_sexcat_1_dual_all
"year 4, fltr3&4, eligcat0-3, sexcat 1, dual 0",Prev_Final_long_nonblankelig_fltr34_year_4_sexcat_1_dual_0.csv,8310676,f,v,prevalence,4,1230,,1,34,0,prev_final_long_nonblankelig_fltr34_year_4_sexcat_1_dual_0
"year 4, fltr3&4, eligcat0-3, sexcat 1, dual 1",Prev_Final_long_nonblankelig_fltr34_year_4_sexcat_1_dual_1.csv,6574393,f,v,prevalence,4,1230,,1,34,1,prev_final_long_nonblankelig_fltr34_year_4_sexcat_1_dual_1
"year 4, fltr1&2, eligcat0-3, sexcat 2",Prev_Final_long_nonblankelig_fltr12_year_4_sexcat_2.csv,20882292,f,v,Prevalence,4,1230,,2,12,,prev_final_long_nonblankelig_fltr12_year_4_sexcat_2
"year 4, fltr3&4, eligcat0-3, sexcat 2, dual all",Prev_Final_long_nonblankelig_fltr34_year_4_sexcat_2_dual_all.csv,9329230,f,v,prevalence,4,1230,,2,34,.,prev_final_long_nonblankelig_fltr34_year_4_sexcat_2_dual_all
"year 4, fltr3&4, eligcat0-3, sexcat 2, dual 0",Prev_Final_long_nonblankelig_fltr34_year_4_sexcat_2_dual_0.csv,7863737,f,v,prevalence,4,1230,,2,34,0,prev_final_long_nonblankelig_fltr34_year_4_sexcat_2_dual_0
"year 4, fltr3&4, eligcat0-3, sexcat 2, dual 1",Prev_Final_long_nonblankelig_fltr34_year_4_sexcat_2_dual_1.csv,7285510,f,v,prevalence,4,1230,,2,34,1,prev_final_long_nonblankelig_fltr34_year_4_sexcat_2_dual_1
"year 5, eligcatall, sexcat all, dual all",Prev_Final_long_blankelig_year_5_sexcat_all_dual_all.csv,11006641,f,v,prevalence,5,.,,.,,.,prev_final_long_blankelig_year_5_sexcat_all_dual_all
"year 5, eligcatall, sexcat all, dual 0",Prev_Final_long_blankelig_year_5_sexcat_all_dual_0.csv,10207513,f,v,prevalence,5,.,,.,,0,prev_final_long_blankelig_year_5_sexcat_all_dual_0
"year 5, eligcatall, sexcat all, dual 1",Prev_Final_long_blankelig_year_5_sexcat_all_dual_1.csv,8799091,f,v,prevalence,5,.,,.,,1,prev_final_long_blankelig_year_5_sexcat_all_dual_1
"year 5, eligcatall, sexcat 1, dual all",Prev_Final_long_blankelig_year_5_sexcat_1_dual_all.csv,9628667,f,v,prevalence,5,.,,1,,.,prev_final_long_blankelig_year_5_sexcat_1_dual_all
"year 5, eligcatall, sexcat 1, dual 0",Prev_Final_long_blankelig_year_5_sexcat_1_dual_0.csv,9005386,f,v,prevalence,5,.,,1,,0,prev_final_long_blankelig_year_5_sexcat_1_dual_0
"year 5, eligcatall, sexcat 1, dual 1",Prev_Final_long_blankelig_year_5_sexcat_1_dual_1.csv,7183842,f,v,prevalence,5,.,,1,,1,prev_final_long_blankelig_year_5_sexcat_1_dual_1
"year 5, eligcatall, sexcat 2, dual all",Prev_Final_long_blankelig_year_5_sexcat_2_dual_all.csv,9833502,f,v,prevalence,5,.,,2,,.,prev_final_long_blankelig_year_5_sexcat_2_dual_all
"year 5, eligcatall, sexcat 2, dual 0",Prev_Final_long_blankelig_year_5_sexcat_2_dual_0.csv,9041643,f,v,prevalence,5,.,,2,,0,prev_final_long_blankelig_year_5_sexcat_2_dual_0
"year 5, eligcatall, sexcat 2, dual 1",Prev_Final_long_blankelig_year_5_sexcat_2_dual_1.csv,7982912,f,v,prevalence,5,.,,2,,1,prev_final_long_blankelig_year_5_sexcat_2_dual_1
"year 5, fltr1&2, eligcat0-3, sexcat all, dual all",Prev_Final_long_nonblankelig_fltr12_year_5_sexcat_all_dual_all.csv,9775635,f,v,prevalence,5,1230,,.,12,.,prev_final_long_nonblankelig_fltr12_year_5_sexcat_all_dual_all
"year 5, fltr1&2, eligcat0-3, sexcat all, dual 0",Prev_Final_long_nonblankelig_fltr12_year_5_sexcat_all_dual_0.csv,8493791,f,v,prevalence,5,1230,,.,12,0,prev_final_long_nonblankelig_fltr12_year_5_sexcat_all_dual_0
"year 5, fltr1&2, eligcat0-3, sexcat all, dual 1",Prev_Final_long_nonblankelig_fltr12_year_5_sexcat_all_dual_1.csv,7176638,f,v,prevalence,5,1230,,.,12,1,prev_final_long_nonblankelig_fltr12_year_5_sexcat_all_dual_1
"year 5, fltr3&4, eligcat0-3, sexcat all, dual all",Prev_Final_long_nonblankelig_fltr34_year_5_sexcat_all_dual_all.csv,11323502,f,v,prevalence,5,1230,,.,34,.,prev_final_long_nonblankelig_fltr34_year_5_sexcat_all_dual_all
"year 5, fltr3&4, eligcat0-3, sexcat all, dual 0",Prev_Final_long_nonblankelig_fltr34_year_5_sexcat_all_dual_0.csv,9826060,f,v,prevalence,5,1230,,.,34,0,prev_final_long_nonblankelig_fltr34_year_5_sexcat_all_dual_0
"year 5, fltr3&4, eligcat0-3, sexcat all, dual 1",Prev_Final_long_nonblankelig_fltr34_year_5_sexcat_all_dual_1.csv,8561317,f,v,prevalence,5,1230,,.,34,1,prev_final_long_nonblankelig_fltr34_year_5_sexcat_all_dual_1
"year 5, fltr1&2, eligcat0-3, sexcat 1",Prev_Final_long_nonblankelig_fltr12_year_5_sexcat_1.csv,20723167,f,v,Prevalence,5,1230,,1,12,,prev_final_long_nonblankelig_fltr12_year_5_sexcat_1
"year 5, fltr3&4, eligcat0-3, sexcat 1, dual all",Prev_Final_long_nonblankelig_fltr34_year_5_sexcat_1_dual_all.csv,9488684,f,v,prevalence,5,1230,,1,34,.,prev_final_long_nonblankelig_fltr34_year_5_sexcat_1_dual_all
"year 5, fltr3&4, eligcat0-3, sexcat 1, dual 0",Prev_Final_long_nonblankelig_fltr34_year_5_sexcat_1_dual_0.csv,8359257,f,v,prevalence,5,1230,,1,34,0,prev_final_long_nonblankelig_fltr34_year_5_sexcat_1_dual_0
"year 5, fltr3&4, eligcat0-3, sexcat 1, dual 1",Prev_Final_long_nonblankelig_fltr34_year_5_sexcat_1_dual_1.csv,6582461,f,v,prevalence,5,1230,,1,34,1,prev_final_long_nonblankelig_fltr34_year_5_sexcat_1_dual_1
"year 5, fltr1&2, eligcat0-3, sexcat 2",Prev_Final_long_nonblankelig_fltr12_year_5_sexcat_2.csv,20899578,f,v,Prevalence,5,1230,,2,12,,prev_final_long_nonblankelig_fltr12_year_5_sexcat_2
"year 5, fltr3&4, eligcat0-3, sexcat 2, dual all",Prev_Final_long_nonblankelig_fltr34_year_5_sexcat_2_dual_all.csv,9390579,f,v,prevalence,5,1230,,2,34,.,prev_final_long_nonblankelig_fltr34_year_5_sexcat_2_dual_all
"year 5, fltr3&4, eligcat0-3, sexcat 2, dual 0",Prev_Final_long_nonblankelig_fltr34_year_5_sexcat_2_dual_0.csv,7932261,f,v,prevalence,5,1230,,2,34,0,prev_final_long_nonblankelig_fltr34_year_5_sexcat_2_dual_0
"year 5, fltr3&4, eligcat0-3, sexcat 2, dual 1",Prev_Final_long_nonblankelig_fltr34_year_5_sexcat_2_dual_1.csv,7281355,f,v,prevalence,5,1230,,2,34,1,prev_final_long_nonblankelig_fltr34_year_5_sexcat_2_dual_1
"year 6, eligcatall, sexcat all, dual all",Prev_Final_long_blankelig_year_6_sexcat_all_dual_all.csv,11042431,f,v,prevalence,6,.,,.,,.,prev_final_long_blankelig_year_6_sexcat_all_dual_all
"year 6, eligcatall, sexcat all, dual 0",Prev_Final_long_blankelig_year_6_sexcat_all_dual_0.csv,10218695,f,v,prevalence,6,.,,.,,0,prev_final_long_blankelig_year_6_sexcat_all_dual_0
"year 6, eligcatall, sexcat all, dual 1",Prev_Final_long_blankelig_year_6_sexcat_all_dual_1.csv,8857874,f,v,prevalence,6,.,,.,,1,prev_final_long_blankelig_year_6_sexcat_all_dual_1
"year 6, eligcatall, sexcat 1, dual all",Prev_Final_long_blankelig_year_6_sexcat_1_dual_all.csv,9647680,f,v,prevalence,6,.,,1,,.,prev_final_long_blankelig_year_6_sexcat_1_dual_all
"year 6, eligcatall, sexcat 1, dual 0",Prev_Final_long_blankelig_year_6_sexcat_1_dual_0.csv,9000822,f,v,prevalence,6,.,,1,,0,prev_final_long_blankelig_year_6_sexcat_1_dual_0
"year 6, eligcatall, sexcat 1, dual 1",Prev_Final_long_blankelig_year_6_sexcat_1_dual_1.csv,7233646,f,v,prevalence,6,.,,1,,1,prev_final_long_blankelig_year_6_sexcat_1_dual_1
"year 6, eligcatall, sexcat 2, dual all",Prev_Final_long_blankelig_year_6_sexcat_2_dual_all.csv,9877729,f,v,prevalence,6,.,,2,,.,prev_final_long_blankelig_year_6_sexcat_2_dual_all
"year 6, eligcatall, sexcat 2, dual 0",Prev_Final_long_blankelig_year_6_sexcat_2_dual_0.csv,9065066,f,v,prevalence,6,.,,2,,0,prev_final_long_blankelig_year_6_sexcat_2_dual_0
"year 6, eligcatall, sexcat 2, dual 1",Prev_Final_long_blankelig_year_6_sexcat_2_dual_1.csv,8031452,f,v,prevalence,6,.,,2,,1,prev_final_long_blankelig_year_6_sexcat_2_dual_1
"year 6, fltr1&2, eligcat0-3, sexcat all, dual all",Prev_Final_long_nonblankelig_fltr12_year_6_sexcat_all_dual_all.csv,9787963,f,v,prevalence,6,1230,,.,12,.,prev_final_long_nonblankelig_fltr12_year_6_sexcat_all_dual_all
"year 6, fltr1&2, eligcat0-3, sexcat all, dual 0",Prev_Final_long_nonblankelig_fltr12_year_6_sexcat_all_dual_0.csv,8480525,f,v,prevalence,6,1230,,.,12,0,prev_final_long_nonblankelig_fltr12_year_6_sexcat_all_dual_0
"year 6, fltr1&2, eligcat0-3, sexcat all, dual 1",Prev_Final_long_nonblankelig_fltr12_year_6_sexcat_all_dual_1.csv,7205448,f,v,prevalence,6,1230,,.,12,1,prev_final_long_nonblankelig_fltr12_year_6_sexcat_all_dual_1
"year 6, fltr3&4, eligcat0-3, sexcat all, dual all",Prev_Final_long_nonblankelig_fltr34_year_6_sexcat_all_dual_all.csv,11421580,f,v,prevalence,6,1230,,.,34,.,prev_final_long_nonblankelig_fltr34_year_6_sexcat_all_dual_all
"year 6, fltr3&4, eligcat0-3, sexcat all, dual 0",Prev_Final_long_nonblankelig_fltr34_year_6_sexcat_all_dual_0.csv,9884946,f,v,prevalence,6,1230,,.,34,0,prev_final_long_nonblankelig_fltr34_year_6_sexcat_all_dual_0
"year 6, fltr3&4, eligcat0-3, sexcat all, dual 1",Prev_Final_long_nonblankelig_fltr34_year_6_sexcat_all_dual_1.csv,8661926,f,v,prevalence,6,1230,,.,34,1,prev_final_long_nonblankelig_fltr34_year_6_sexcat_all_dual_1
"year 6, fltr1&2, eligcat0-3, sexcat 1",Prev_Final_long_nonblankelig_fltr12_year_6_sexcat_1.csv,20753920,f,v,Prevalence,6,1230,,1,12,,prev_final_long_nonblankelig_fltr12_year_6_sexcat_1
"year 6, fltr3&4, eligcat0-3, sexcat 1, dual all",Prev_Final_long_nonblankelig_fltr34_year_6_sexcat_1_dual_all.csv,9565100,f,v,prevalence,6,1230,,1,34,.,prev_final_long_nonblankelig_fltr34_year_6_sexcat_1_dual_all
"year 6, fltr3&4, eligcat0-3, sexcat 1, dual 0",Prev_Final_long_nonblankelig_fltr34_year_6_sexcat_1_dual_0.csv,8395911,f,v,prevalence,6,1230,,1,34,0,prev_final_long_nonblankelig_fltr34_year_6_sexcat_1_dual_0
"year 6, fltr3&4, eligcat0-3, sexcat 1, dual 1",Prev_Final_long_nonblankelig_fltr34_year_6_sexcat_1_dual_1.csv,6679101,f,v,prevalence,6,1230,,1,34,1,prev_final_long_nonblankelig_fltr34_year_6_sexcat_1_dual_1
"year 6, fltr1&2, eligcat0-3, sexcat 2",Prev_Final_long_nonblankelig_fltr12_year_6_sexcat_2.csv,20965372,f,v,Prevalence,6,1230,,2,12,,prev_final_long_nonblankelig_fltr12_year_6_sexcat_2
"year 6, fltr3&4, eligcat0-3, sexcat 2, dual all",Prev_Final_long_nonblankelig_fltr34_year_6_sexcat_2_dual_all.csv,9476341,f,v,prevalence,6,1230,,2,34,.,prev_final_long_nonblankelig_fltr34_year_6_sexcat_2_dual_all
"year 6, fltr3&4, eligcat0-3, sexcat 2, dual 0",Prev_Final_long_nonblankelig_fltr34_year_6_sexcat_2_dual_0.csv,7991475,f,v,prevalence,6,1230,,2,34,0,prev_final_long_nonblankelig_fltr34_year_6_sexcat_2_dual_0
"year 6, fltr3&4, eligcat0-3, sexcat 2, dual 1",Prev_Final_long_nonblankelig_fltr34_year_6_sexcat_2_dual_1.csv,7358950,f,v,prevalence,6,1230,,2,34,1,prev_final_long_nonblankelig_fltr34_year_6_sexcat_2_dual_1
"year 7, eligcatall, sexcat all, dual all",Prev_Final_long_blankelig_year_7_sexcat_all_dual_all.csv,11072705,f,v,prevalence,7,.,,.,,.,prev_final_long_blankelig_year_7_sexcat_all_dual_all
"year 7, eligcatall, sexcat all, dual 0",Prev_Final_long_blankelig_year_7_sexcat_all_dual_0.csv,10260681,f,v,prevalence,7,.,,.,,0,prev_final_long_blankelig_year_7_sexcat_all_dual_0
"year 7, eligcatall, sexcat all, dual 1",Prev_Final_long_blankelig_year_7_sexcat_all_dual_1.csv,8857225,f,v,prevalence,7,.,,.,,1,prev_final_long_blankelig_year_7_sexcat_all_dual_1
"year 7, eligcatall, sexcat 1, dual all",Prev_Final_long_blankelig_year_7_sexcat_1_dual_all.csv,9674428,f,v,prevalence,7,.,,1,,.,prev_final_long_blankelig_year_7_sexcat_1_dual_all
"year 7, eligcatall, sexcat 1, dual 0",Prev_Final_long_blankelig_year_7_sexcat_1_dual_0.csv,9021607,f,v,prevalence,7,.,,1,,0,prev_final_long_blankelig_year_7_sexcat_1_dual_0
"year 7, eligcatall, sexcat 1, dual 1",Prev_Final_long_blankelig_year_7_sexcat_1_dual_1.csv,7239455,f,v,prevalence,7,.,,1,,1,prev_final_long_blankelig_year_7_sexcat_1_dual_1
"year 7, eligcatall, sexcat 2, dual all",Prev_Final_long_blankelig_year_7_sexcat_2_dual_all.csv,9913450,f,v,prevalence,7,.,,2,,.,prev_final_long_blankelig_year_7_sexcat_2_dual_all
"year 7, eligcatall, sexcat 2, dual 0",Prev_Final_long_blankelig_year_7_sexcat_2_dual_0.csv,9104366,f,v,prevalence,7,.,,2,,0,prev_final_long_blankelig_year_7_sexcat_2_dual_0
"year 7, eligcatall, sexcat 2, dual 1",Prev_Final_long_blankelig_year_7_sexcat_2_dual_1.csv,8037560,f,v,prevalence,7,.,,2,,1,prev_final_long_blankelig_year_7_sexcat_2_dual_1
"year 7, fltr1&2, eligcat0-3, sexcat all, dual all",Prev_Final_long_nonblankelig_fltr12_year_7_sexcat_all_dual_all.csv,9787092,f,v,prevalence,7,1230,,.,12,.,prev_final_long_nonblankelig_fltr12_year_7_sexcat_all_dual_all
"year 7, fltr1&2, eligcat0-3, sexcat all, dual 0",Prev_Final_long_nonblankelig_fltr12_year_7_sexcat_all_dual_0.csv,8481865,f,v,prevalence,7,1230,,.,12,0,prev_final_long_nonblankelig_fltr12_year_7_sexcat_all_dual_0
"year 7, fltr1&2, eligcat0-3, sexcat all, dual 1",Prev_Final_long_nonblankelig_fltr12_year_7_sexcat_all_dual_1.csv,7196604,f,v,prevalence,7,1230,,.,12,1,prev_final_long_nonblankelig_fltr12_year_7_sexcat_all_dual_1
"year 7, fltr3&4, eligcat0-3, sexcat all, dual all",Prev_Final_long_nonblankelig_fltr34_year_7_sexcat_all_dual_all.csv,11473289,f,v,prevalence,7,1230,,.,34,.,prev_final_long_nonblankelig_fltr34_year_7_sexcat_all_dual_all
"year 7, fltr3&4, eligcat0-3, sexcat all, dual 0",Prev_Final_long_nonblankelig_fltr34_year_7_sexcat_all_dual_0.csv,9935024,f,v,prevalence,7,1230,,.,34,0,prev_final_long_nonblankelig_fltr34_year_7_sexcat_all_dual_0
"year 7, fltr3&4, eligcat0-3, sexcat all, dual 1",Prev_Final_long_nonblankelig_fltr34_year_7_sexcat_all_dual_1.csv,8682547,f,v,prevalence,7,1230,,.,34,1,prev_final_long_nonblankelig_fltr34_year_7_sexcat_all_dual_1
"year 7, fltr1&2, eligcat0-3, sexcat 1",Prev_Final_long_nonblankelig_fltr12_year_7_sexcat_1.csv,20751709,f,v,Prevalence,7,1230,,1,12,,prev_final_long_nonblankelig_fltr12_year_7_sexcat_1
"year 7, fltr3&4, eligcat0-3, sexcat 1, dual all",Prev_Final_long_nonblankelig_fltr34_year_7_sexcat_1_dual_all.csv,9606919,f,v,prevalence,7,1230,,1,34,.,prev_final_long_nonblankelig_fltr34_year_7_sexcat_1_dual_all
"year 7, fltr3&4, eligcat0-3, sexcat 1, dual 0",Prev_Final_long_nonblankelig_fltr34_year_7_sexcat_1_dual_0.csv,8432737,f,v,prevalence,7,1230,,1,34,0,prev_final_long_nonblankelig_fltr34_year_7_sexcat_1_dual_0
"year 7, fltr3&4, eligcat0-3, sexcat 1, dual 1",Prev_Final_long_nonblankelig_fltr34_year_7_sexcat_1_dual_1.csv,6701214,f,v,prevalence,7,1230,,1,34,1,prev_final_long_nonblankelig_fltr34_year_7_sexcat_1_dual_1
"year 7, fltr1&2, eligcat0-3, sexcat 2",Prev_Final_long_nonblankelig_fltr12_year_7_sexcat_2.csv,20951637,f,v,Prevalence,7,1230,,2,12,,prev_final_long_nonblankelig_fltr12_year_7_sexcat_2
"year 7, fltr3&4, eligcat0-3, sexcat 2, dual all",Prev_Final_long_nonblankelig_fltr34_year_7_sexcat_2_dual_all.csv,9507620,f,v,prevalence,7,1230,,2,34,.,prev_final_long_nonblankelig_fltr34_year_7_sexcat_2_dual_all
"year 7, fltr3&4, eligcat0-3, sexcat 2, dual 0",Prev_Final_long_nonblankelig_fltr34_year_7_sexcat_2_dual_0.csv,8024696,f,v,prevalence,7,1230,,2,34,0,prev_final_long_nonblankelig_fltr34_year_7_sexcat_2_dual_0
"year 7, fltr3&4, eligcat0-3, sexcat 2, dual 1",Prev_Final_long_nonblankelig_fltr34_year_7_sexcat_2_dual_1.csv,7368880,f,v,prevalence,7,1230,,2,34,1,prev_final_long_nonblankelig_fltr34_year_7_sexcat_2_dual_1
"year 8, fltr1&2, racecat all, sexcat all",Prev_Final_long_fltr12_year_8_racecat_all_sexcat_all.csv,12183486,f,v,prevalence,8,,.,.,12,,prev_final_long_fltr12_year_8_racecat_all_sexcat_all
"year 8, fltr3&4, racecat all, sexcat all",Prev_Final_long_fltr34_year_8_racecat_all_sexcat_all.csv,13118487,f,v,prevalence,8,,.,.,34,,prev_final_long_fltr34_year_8_racecat_all_sexcat_all
"year 8, fltr1&2, racecat all, sexcat 1",Prev_Final_long_fltr12_year_8_racecat_all_sexcat_1.csv,11039644,f,v,prevalence,8,,.,1,12,,prev_final_long_fltr12_year_8_racecat_all_sexcat_1
"year 8, fltr3&4, racecat all, sexcat 1",Prev_Final_long_fltr34_year_8_racecat_all_sexcat_1.csv,12034275,f,v,prevalence,8,,.,1,34,,prev_final_long_fltr34_year_8_racecat_all_sexcat_1
"year 8, fltr1&2, racecat all, sexcat 2",Prev_Final_long_fltr12_year_8_racecat_all_sexcat_2.csv,11061409,f,v,prevalence,8,,.,2,12,,prev_final_long_fltr12_year_8_racecat_all_sexcat_2
"year 8, fltr3&4, racecat all, sexcat 2",Prev_Final_long_fltr34_year_8_racecat_all_sexcat_2.csv,11971601,f,v,prevalence,8,,.,2,34,,prev_final_long_fltr34_year_8_racecat_all_sexcat_2
"year 8, fltr1&2, racecat 1, sexcat all",Prev_Final_long_fltr12_year_8_racecat_1_sexcat_all.csv,11208640,f,v,prevalence,8,,1,.,12,,prev_final_long_fltr12_year_8_racecat_1_sexcat_all
"year 8, fltr3&4, racecat 1, sexcat all",Prev_Final_long_fltr34_year_8_racecat_1_sexcat_all.csv,12160056,f,v,prevalence,8,,1,.,34,,prev_final_long_fltr34_year_8_racecat_1_sexcat_all
"year 8, fltr1&2, racecat 1, sexcat 1",Prev_Final_long_fltr12_year_8_racecat_1_sexcat_1.csv,10096564,f,v,prevalence,8,,1,1,12,,prev_final_long_fltr12_year_8_racecat_1_sexcat_1
"year 8, fltr3&4, racecat 1, sexcat 1",Prev_Final_long_fltr34_year_8_racecat_1_sexcat_1.csv,11071012,f,v,prevalence,8,,1,1,34,,prev_final_long_fltr34_year_8_racecat_1_sexcat_1
"year 8, fltr1&2, racecat 1, sexcat 2",Prev_Final_long_fltr12_year_8_racecat_1_sexcat_2.csv,10245348,f,v,prevalence,8,,1,2,12,,prev_final_long_fltr12_year_8_racecat_1_sexcat_2
"year 8, fltr3&4, racecat 1, sexcat 2",Prev_Final_long_fltr34_year_8_racecat_1_sexcat_2.csv,11081079,f,v,prevalence,8,,1,2,34,,prev_final_long_fltr34_year_8_racecat_1_sexcat_2
"year 8, fltr1&2, racecat 2",Prev_Final_long_fltr12_year_8_racecat_2.csv,14738381,f,v,Prevalence,8,,2,,12,,prev_final_long_fltr12_year_8_racecat_2
"year 8, fltr3&4, racecat 2",Prev_Final_long_fltr34_year_8_racecat_2.csv,17644719,f,v,Prevalence,8,,2,,34,,prev_final_long_fltr34_year_8_racecat_2
"year 8, fltr1&2, racecat 3",Prev_Final_long_fltr12_year_8_racecat_3.csv,4469359,f,v,Prevalence,8,,3,,12,,prev_final_long_fltr12_year_8_racecat_3
"year 8, fltr3&4, racecat 3",Prev_Final_long_fltr34_year_8_racecat_3.csv,6686608,f,v,Prevalence,8,,3,,34,,prev_final_long_fltr34_year_8_racecat_3
"year 8, fltr1&2, racecat 4",Prev_Final_long_fltr12_year_8_racecat_4.csv,5850686,f,v,Prevalence,8,,4,,12,,prev_final_long_fltr12_year_8_racecat_4
"year 8, fltr3&4, racecat 4",Prev_Final_long_fltr34_year_8_racecat_4.csv,7648413,f,v,Prevalence,8,,4,,34,,prev_final_long_fltr34_year_8_racecat_4
"year 8, fltr1&2, racecat 5",Prev_Final_long_fltr12_year_8_racecat_5.csv,11756703,f,v,Prevalence,8,,5,,12,,prev_final_long_fltr12_year_8_racecat_5
"year 8, fltr3&4, racecat 5",Prev_Final_long_fltr34_year_8_racecat_5.csv,14923564,f,v,Prevalence,8,,5,,34,,prev_final_long_fltr34_year_8_racecat_5
"year 8, fltr1&2, racecat 6",Prev_Final_long_fltr12_year_8_racecat_6.csv,3716043,f,v,Prevalence,8,,6,,12,,prev_final_long_fltr12_year_8_racecat_6
"year 8, fltr3&4, racecat 6",Prev_Final_long_fltr34_year_8_racecat_6.csv,5388585,f,v,Prevalence,8,,6,,34,,prev_final_long_fltr34_year_8_racecat_6
"year 9, fltr1&2, racecat 2",Prev_Final_long_fltr12_year_9_racecat_2.csv,14541389,f,v,Prevalence,9,,2,,12,,prev_final_long_fltr12_year_9_racecat_2
"year 9, fltr1&2, racecat 3",Prev_Final_long_fltr12_year_9_racecat_3.csv,4449242,f,v,Prevalence,9,,3,,12,,prev_final_long_fltr12_year_9_racecat_3
"year 9, fltr1&2, racecat 4",Prev_Final_long_fltr12_year_9_racecat_4.csv,5884009,f,v,Prevalence,9,,4,,12,,prev_final_long_fltr12_year_9_racecat_4
"year 9, fltr1&2, racecat 5",Prev_Final_long_fltr12_year_9_racecat_5.csv,11738529,f,v,Prevalence,9,,5,,12,,prev_final_long_fltr12_year_9_racecat_5
"year 9, fltr1&2, racecat 6",Prev_Final_long_fltr12_year_9_racecat_6.csv,3623365,f,v,Prevalence,9,,6,,12,,prev_final_long_fltr12_year_9_racecat_6
"year 9, fltr1&2, racecat all, sexcat 1",Prev_Final_long_fltr12_year_9_racecat_all_sexcat_1.csv,10996573,f,v,Prevalence,9,,.,1,12,,prev_final_long_fltr12_year_9_racecat_all_sexcat_1
"year 9, fltr1&2, racecat all, sexcat 2",Prev_Final_long_fltr12_year_9_racecat_all_sexcat_2.csv,11034946,f,v,Prevalence,9,,.,2,12,,prev_final_long_fltr12_year_9_racecat_all_sexcat_2
"year 9, fltr1&2, racecat all, sexcat all",Prev_Final_long_fltr12_year_9_racecat_all_sexcat_all.csv,12146428,f,v,Prevalence,9,,.,.,12,,prev_final_long_fltr12_year_9_racecat_all_sexcat_all
"year 9, fltr1&2, racecat 1, sexcat 1",Prev_Final_long_fltr12_year_9_racecat_1_sexcat_1.csv,10060097,f,v,Prevalence,9,,1,1,12,,prev_final_long_fltr12_year_9_racecat_1_sexcat_1
"year 9, fltr1&2, racecat 1, sexcat 2",Prev_Final_long_fltr12_year_9_racecat_1_sexcat_2.csv,10221358,f,v,Prevalence,9,,1,2,12,,prev_final_long_fltr12_year_9_racecat_1_sexcat_2
"year 9, fltr1&2, racecat 1, sexcat all",Prev_Final_long_fltr12_year_9_racecat_1_sexcat_all.csv,11167732,f,v,Prevalence,9,,1,.,12,,prev_final_long_fltr12_year_9_racecat_1_sexcat_all
"year 9, fltr1&2, racecat 2",Hosp_Final_long_fltr12_year_9_racecat_2.csv,14188816,f,h,Hospitalization,9,,2,,12,,hosp_final_long_fltr12_year_9_racecat_2
"year 9, fltr1&2, racecat 3",Hosp_Final_long_fltr12_year_9_racecat_3.csv,4508364,f,h,Hospitalization,9,,3,,12,,hosp_final_long_fltr12_year_9_racecat_3_19
"year 9, fltr1&2, racecat 4",Hosp_Final_long_fltr12_year_9_racecat_3.csv,5913325,f,h,Hospitalization,9,,4,,12,,hosp_final_long_fltr12_year_9_racecat_3_19
"year 9, fltr1&2, racecat 5",Hosp_Final_long_fltr12_year_9_racecat_5.csv,11708492,f,h,Hospitalization,9,,5,,12,,hosp_final_long_fltr12_year_9_racecat_5
"year 9, fltr1&2, racecat 6",Hosp_Final_long_fltr12_year_9_racecat_6.csv,3622152,f,h,Hospitalization,9,,6,,12,,hosp_final_long_fltr12_year_9_racecat_6
"year 9, fltr1&2, racecat all, sexcat 1",Hosp_Final_long_fltr12_year_9_racecat_all_sexcat_1.csv,10586060,f,h,Hospitalization,9,,.,1,12,,hosp_final_long_fltr12_year_9_racecat_all_sexcat_1
"year 9, fltr1&2, racecat all, sexcat 2",Hosp_Final_long_fltr12_year_9_racecat_all_sexcat_2.csv,10585216,f,h,Hospitalization,9,,.,2,12,,hosp_final_long_fltr12_year_9_racecat_all_sexcat_2
"year 9, fltr1&2, racecat all, sexcat all",Hosp_Final_long_fltr12_year_9_racecat_all_sexcat_all.csv,11713451,f,h,Hospitalization,9,,.,.,12,,hosp_final_long_fltr12_year_9_racecat_all_sexcat_all
"year 9, fltr1&2, racecat 1, sexcat 1",Hosp_Final_long_fltr12_year_9_racecat_1_sexcat_1.csv,9654548,f,h,Hospitalization,9,,1,1,12,,hosp_final_long_fltr12_year_9_racecat_1_sexcat_1
"year 9, fltr1&2, racecat 1, sexcat 2",Hosp_Final_long_fltr12_year_9_racecat_1_sexcat_2.csv,9770539,f,h,Hospitalization,9,,1,2,12,,hosp_final_long_fltr12_year_9_racecat_1_sexcat_2
"year 9, fltr1&2, racecat 1, sexcat all",Hosp_Final_long_fltr12_year_9_racecat_1_sexcat_all.csv,10747097,f,h,Hospitalization,9,,1,.,12,,hosp_final_long_fltr12_year_9_racecat_1_sexcat_all
"fltr1&2, year 9, racecat 2",ED_Final_long_fltr12_year_9_racecat_2.csv,13713558,f,e,Emergency Room Usage,9,,2,,12,,ed_final_long_fltr12_year_9_racecat_2
"fltr1&2, year 9, racecat 3",ED_Final_long_fltr12_year_9_racecat_3.csv,4143520,f,e,Emergency Room Usage,9,,3,,12,,ed_final_long_fltr12_year_9_racecat_3
"fltr1&2, year 9, racecat 4",ED_Final_long_fltr12_year_9_racecat_4.csv,5510102,f,e,Emergency Room Usage,9,,4,,12,,ed_final_long_fltr12_year_9_racecat_4
"fltr1&2, year 9, racecat 5",ED_Final_long_fltr12_year_9_racecat_5.csv,11023762,f,e,Emergency Room Usage,9,,5,,12,,ed_final_long_fltr12_year_9_racecat_5
"fltr1&2, year 9, racecat 6",ED_Final_long_fltr12_year_9_racecat_6.csv,3386137,f,e,Emergency Room Usage,9,,6,,12,,ed_final_long_fltr12_year_9_racecat_6
"fltr1&2, year 9, racecat all, sexcat 1",ED_Final_long_fltr12_year_9_racecat_all_sexcat_1.csv,10478246,f,e,Emergency Room Usage,9,,.,1,12,,ed_final_long_fltr12_year_9_racecat_all_sexcat_1
"fltr1&2, year 9, racecat all, sexcat 2",ED_Final_long_fltr12_year_9_racecat_all_sexcat_2.csv,10510606,f,e,Emergency Room Usage,9,,.,2,12,,ed_final_long_fltr12_year_9_racecat_all_sexcat_2
"fltr1&2, year 9, racecat all, sexcat all",ED_Final_long_fltr12_year_9_racecat_all_sexcat_all.csv,11603040,f,e,Emergency Room Usage,9,,.,.,12,,ed_final_long_fltr12_year_9_racecat_all_sexcat_all
"fltr1&2, year 9, racecat 1 , dual 0",ED_Final_long_fltr12_year_9_racecat_1_dual_0.csv,10399793,f,e,Emergency Room Usage,9,,1,,12,0,ed_final_long_fltr12_year_9_racecat_1_dual_0
"fltr1&2, year 9, racecat 1 , dual 1",ED_Final_long_fltr12_year_9_racecat_1_dual_1.csv,8699216,f,e,Emergency Room Usage,9,,1,,12,1,ed_final_long_fltr12_year_9_racecat_1_dual_1
"fltr1&2, year 9, racecat 1 , dual all",ED_Final_long_fltr12_year_9_racecat_1_dual_all.csv,10872533,f,e,Emergency Room Usage,9,,1,,12,.,ed_final_long_fltr12_year_9_racecat_1_dual_all
"year 9, dual 0",Totalcost_Final_long_year_9_dual_0.csv,13980347,f,t,Total Cost,9,,,,,0,totalcost_final_long_year_9_dual_0
"year 9, dual 1",Totalcost_Final_long_year_9_dual_1.csv,10419376,f,t,Total Cost,9,,,,,1,totalcost_final_long_year_9_dual_1
"year 9, dual all",Totalcost_Final_long_year_9_dual_all.csv,16871905,f,t,Total Cost,9,,,,,.,totalcost_final_long_year_9_dual_all
"year 9, dual 0",Riskcost_Final_long_year_9_dual_0.csv,13980117,f,a,Risk-adj Total Cost,9,,,,,0,riskcost_final_long_year_9_dual_0
"year 9, dual 1",Riskcost_Final_long_year_9_dual_1.csv,10419307,f,a,Risk-adj Total Cost,9,,,,,1,riskcost_final_long_year_9_dual_1
"year 9, dual all",Riskcost_Final_long_year_9_dual_all.csv,16871720,f,a,Risk-adj Total Cost,9,,,,,.,riskcost_final_long_year_9_dual_all
"year 9, dual 0",Principalcost_Final_long_year_9_dual_0.csv,13669815,f,p,Principal Cost,9,,,,,0,principalcost_final_long_year_9_dual_0
"year 9, dual 1",Principalcost_Final_long_year_9_dual_1.csv,10161611,f,p,Principal Cost,9,,,,,1,principalcost_final_long_year_9_dual_1
"year 9, dual all",Principalcost_Final_long_year_9_dual_all.csv,16481863,f,p,Principal Cost,9,,,,,.,principalcost_final_long_year_9_dual_all
"year 9, eligcat 2",Precare_Final_long_year_9_eligcat_2.csv,1692613,f,c,Preventive Care,9,2,,,,,precare_final_long_year_9_eligcat_2
"year 9, eligcat 3",Precare_Final_long_year_9_eligcat_3.csv,1125355,f,c,Preventive Care,9,3,,,,,precare_final_long_year_9_eligcat_3
"year 9, eligcat all , dual 0",Precare_Final_long_year_9_eligcat_all_dual_0.csv,4815004,f,c,Preventive Care,9,.,,,,0,precare_final_long_year_9_eligcat_all_dual_0
"year 9, eligcat all , dual 1",Precare_Final_long_year_9_eligcat_all_dual_1.csv,3982558,f,c,Preventive Care,9,.,,,,1,precare_final_long_year_9_eligcat_all_dual_1
"year 9, eligcat all , dual all",Precare_Final_long_year_9_eligcat_all_dual_all.csv,5172540,f,c,Preventive Care,9,.,,,,.,precare_final_long_year_9_eligcat_all_dual_all
"year 9, eligcat 0, dual 0",Precare_Final_long_year_9_eligcat_0_dual_0.csv,4000785,f,c,Preventive Care,9,0,,,,0,precare_final_long_year_9_eligcat_0_dual_0
"year 9, eligcat 0, dual 1",Precare_Final_long_year_9_eligcat_0_dual_1.csv,2920639,f,c,Preventive Care,9,0,,,,1,precare_final_long_year_9_eligcat_0_dual_1
"year 9, eligcat 0, dual all",Precare_Final_long_year_9_eligcat_0_dual_all.csv,4173966,f,c,Preventive Care,9,0,,,,.,precare_final_long_year_9_eligcat_0_dual_all
"year 9, eligcat 1, dual 0",Precare_Final_long_year_9_eligcat_1_dual_0.csv,3399127,f,c,Preventive Care,9,1,,,,0,precare_final_long_year_9_eligcat_1_dual_0
"year 9, eligcat 1, dual 1",Precare_Final_long_year_9_eligcat_1_dual_1.csv,3080165,f,c,Preventive Care,9,1,,,,1,precare_final_long_year_9_eligcat_1_dual_1
"year 9, eligcat 1, dual all",Precare_Final_long_year_9_eligcat_1_dual_all.csv,3910245,f,c,Preventive Care,9,1,,,,.,precare_final_long_year_9_eligcat_1_dual_all
year 7,PQI_Final_long_year_17.csv,7916938,f,q,PQI ,7,,,,,,pqi_final_long_year_17
year 8,PQI_Final_long_year_18.csv,7913580,f,q,PQI ,8,,,,,,pqi_final_long_year_18
year 9,PQI_Final_long_year_19.csv,7275757,f,q,PQI ,9,,,,,,pqi_final_long_year_19
year 9,Readmission_Final_long_19.csv,1231224,f,r,Readmission ,9,,,,,,readmission_final_long_19
year 9,Mortality_Final_long_19.csv,529989,f,m,Mortality ,9,,,,,,mortality_final_long_19
"year 9, dual 0",Admsn_Final_long_year_9_dual_0.csv,1147388,f,n,Admission Type,9,,,,,0,admsn_final_long_year_9_dual_0
"year 9, dual 1",Admsn_Final_long_year_9_dual_1.csv,845040,f,n,Admission Type,9,,,,,1,admsn_final_long_year_9_dual_1
"year 9, dual all",Admsn_Final_long_year_9_dual_all.csv,1326944,f,n,Admission Type,9,,,,,.,admsn_final_long_year_9_dual_all
"year 9, dual 0",Dschrg_Final_long_year_9_dual_0.csv,1147388,f,d,Discharge Destination,9,,,,,0,dschrg_final_long_year_9_dual_0
"year 9, dual 1",Dschrg_Final_long_year_9_dual_1.csv,845040,f,d,Discharge Destination,9,,,,,1,dschrg_final_long_year_9_dual_1
"year 9, dual all",Dschrg_Final_long_year_9_dual_all.csv,1326944,f,d,Discharge Destination,9,,,,,.,dschrg_final_long_year_9_dual_all
year 9,Ipdays_Final_long_year_9.csv,1041351,f,i,Inpatient Days,9,,,,,,ipdays_final_long_year_9
year 9,Mdcr_pmt_Final_long_year_9.csv,1041351,f,b,Medicare Reimbursement,9,,,,,,mdcr_pmt_final_long_year_9
"year 9, sex 1",PSI_Final_long_year_9_sex_1.csv,1518258,f,s,PSI,9,,,1,,,psi_final_long_year_9_sex_1
"year 9, sex 2",PSI_Final_long_year_9_sex_2.csv,1544279,f,s,PSI,9,,,2,,,psi_final_long_year_9_sex_2
"year 9, sex all",PSI_Final_long_year_9_sex_all.csv,2063368,f,s,PSI,9,,,.,,,psi_final_long_year_9_sex_all
"year 9, fltr3&4, racecat 2",Prev_Final_long_fltr34_year_9_racecat_2.csv,10331232,f,v,Prevalence,9,,2,,34,,prev_final_long_fltr34_year_9_racecat_2
"year 9, fltr3&4, racecat 3",Prev_Final_long_fltr34_year_9_racecat_3.csv,3905799,f,v,Prevalence,9,,3,,34,,prev_final_long_fltr34_year_9_racecat_3
"year 9, fltr3&4, racecat 4",Prev_Final_long_fltr34_year_9_racecat_4.csv,3996212,f,v,Prevalence,9,,4,,34,,prev_final_long_fltr34_year_9_racecat_4
"year 9, fltr3&4, racecat 5",Prev_Final_long_fltr34_year_9_racecat_5.csv,9312640,f,v,Prevalence,9,,5,,34,,prev_final_long_fltr34_year_9_racecat_5
"year 9, fltr3&4, racecat 6",Prev_Final_long_fltr34_year_9_racecat_6.csv,2026951,f,v,Prevalence,9,,6,,34,,prev_final_long_fltr34_year_9_racecat_6
"year 9, fltr3&4, racecat all, sexcat 1",Prev_Final_long_fltr34_year_9_racecat_all_sexcat_1.csv,10790020,f,v,Prevalence,9,,.,1,34,,prev_final_long_fltr34_year_9_racecat_all_sexcat_1
"year 9, fltr3&4, racecat all, sexcat 2",Prev_Final_long_fltr34_year_9_racecat_all_sexcat_2.csv,10708239,f,v,Prevalence,9,,.,2,34,,prev_final_long_fltr34_year_9_racecat_all_sexcat_2
"year 9, fltr3&4, racecat all, sexcat all",Prev_Final_long_fltr34_year_9_racecat_all_sexcat_all.csv,11851132,f,v,Prevalence,9,,.,.,34,,prev_final_long_fltr34_year_9_racecat_all_sexcat_all
"year 9, fltr3&4, racecat 1, sexcat 1",Prev_Final_long_fltr34_year_9_racecat_1_sexcat_1.csv,9971953,f,v,Prevalence,9,,1,1,34,,prev_final_long_fltr34_year_9_racecat_1_sexcat_1
"year 9, fltr3&4, racecat 1, sexcat 2",Prev_Final_long_fltr34_year_9_racecat_1_sexcat_2.csv,9979443,f,v,Prevalence,9,,1,2,34,,prev_final_long_fltr34_year_9_racecat_1_sexcat_2
"year 9, fltr3&4, racecat 1, sexcat all",Prev_Final_long_fltr34_year_9_racecat_1_sexcat_all.csv,11012235,f,v,Prevalence,9,,1,.,34,,prev_final_long_fltr34_year_9_racecat_1_sexcat_all
"year 20, fltr1&2, racecat 2",Prev_Final_long_fltr12_year_20_racecat_2.csv,0,f,v,Prevalence,20,,2,,12,,prev_final_long_fltr12_year_20_racecat_2
"year 20, fltr1&2, racecat 4",Prev_Final_long_fltr12_year_20_racecat_4.csv,0,f,v,Prevalence,20,,4,,12,,prev_final_long_fltr12_year_20_racecat_4
"year 20, fltr1&2, racecat 5",Prev_Final_long_fltr12_year_20_racecat_5.csv,0,f,v,Prevalence,20,,5,,12,,prev_final_long_fltr12_year_20_racecat_5
"year 20, fltr1&2, racecat 6",Prev_Final_long_fltr12_year_20_racecat_6.csv,0,f,v,Prevalence,20,,6,,12,,prev_final_long_fltr12_year_20_racecat_6
"year 20, fltr1&2, racecat all, sexcat 1",Prev_Final_long_fltr12_year_20_racecat_all_sexcat_1.csv,0,f,v,Prevalence,20,,.,1,12,,prev_final_long_fltr12_year_20_racecat_all_sexcat_1
"year 20, fltr1&2, racecat all, sexcat 2",Prev_Final_long_fltr12_year_20_racecat_all_sexcat_2.csv,0,f,v,Prevalence,20,,.,2,12,,prev_final_long_fltr12_year_20_racecat_all_sexcat_2
"year 20, fltr1&2, racecat all, sexcat all",Prev_Final_long_fltr12_year_20_racecat_all_sexcat_all.csv,0,f,v,Prevalence,20,,.,.,12,,prev_final_long_fltr12_year_20_racecat_all_sexcat_all
"year 20, fltr1&2, racecat 1, sexcat 1",Prev_Final_long_fltr12_year_20_racecat_1_sexcat_1.csv,0,f,v,Prevalence,20,,1,1,12,,prev_final_long_fltr12_year_20_racecat_1_sexcat_1
"year 20, fltr1&2, racecat 1, sexcat 2",Prev_Final_long_fltr12_year_20_racecat_1_sexcat_2.csv,0,f,v,Prevalence,20,,1,2,12,,prev_final_long_fltr12_year_20_racecat_1_sexcat_2
"year 20, fltr1&2, racecat 1, sexcat all",Prev_Final_long_fltr12_year_20_racecat_1_sexcat_all.csv,0,f,v,Prevalence,20,,1,.,12,,prev_final_long_fltr12_year_20_racecat_1_sexcat_all
"year 20, fltr3&4, racecat 2",Prev_Final_long_fltr34_year_20_racecat_2.csv,0,f,v,Prevalence,20,,2,,34,,prev_final_long_fltr34_year_20_racecat_2
"year 20, fltr3&4, racecat 4",Prev_Final_long_fltr34_year_20_racecat_4.csv,0,f,v,Prevalence,20,,4,,34,,prev_final_long_fltr34_year_20_racecat_4
"year 20, fltr3&4, racecat 5",Prev_Final_long_fltr34_year_20_racecat_5.csv,0,f,v,Prevalence,20,,5,,34,,prev_final_long_fltr34_year_20_racecat_5
"year 20, fltr3&4, racecat 6",Prev_Final_long_fltr34_year_20_racecat_6.csv,0,f,v,Prevalence,20,,6,,34,,prev_final_long_fltr34_year_20_racecat_6
"year 20, fltr3&4, racecat all, sexcat 1",Prev_Final_long_fltr34_year_20_racecat_all_sexcat_1.csv,0,f,v,Prevalence,20,,.,1,34,,prev_final_long_fltr34_year_20_racecat_all_sexcat_1
"year 20, fltr3&4, racecat all, sexcat 2",Prev_Final_long_fltr34_year_20_racecat_all_sexcat_2.csv,0,f,v,Prevalence,20,,.,2,34,,prev_final_long_fltr34_year_20_racecat_all_sexcat_2
"year 20, fltr3&4, racecat all, sexcat all",Prev_Final_long_fltr34_year_20_racecat_all_sexcat_all.csv,0,f,v,Prevalence,20,,.,.,34,,prev_final_long_fltr34_year_20_racecat_all_sexcat_all
"year 20, fltr3&4, racecat 1, sexcat 1",Prev_Final_long_fltr34_year_20_racecat_1_sexcat_1.csv,0,f,v,Prevalence,20,,1,1,34,,prev_final_long_fltr34_year_20_racecat_1_sexcat_1
"year 20, fltr3&4, racecat 1, sexcat 2",Prev_Final_long_fltr34_year_20_racecat_1_sexcat_2.csv,0,f,v,Prevalence,20,,1,2,34,,prev_final_long_fltr34_year_20_racecat_1_sexcat_2
"year 20, fltr3&4, racecat 1, sexcat all",Prev_Final_long_fltr34_year_20_racecat_1_sexcat_all.csv,0,f,v,Prevalence,20,,1,.,34,,prev_final_long_fltr34_year_20_racecat_1_sexcat_all
"year 6, fltr3&4, eligcat0-3, sexcat all, dual 0",Hosp_Final_long_nonblankelig_fltr34_year_6_sexcat_all_dual_0.csv,8293830,f,h,Hospitalization,6,1230,,.,34,0,hosp_final_long_nonblankelig_fltr34_year_6_sexcat_all_dual_0
"year 6, fltr3&4, eligcat0-3, sexcat all, dual 1",Hosp_Final_long_nonblankelig_fltr34_year_6_sexcat_all_dual_1.csv,6801372,f,h,Hospitalization,6,1230,,.,34,1,hosp_final_long_nonblankelig_fltr34_year_6_sexcat_all_dual_1
"year 6, fltr3&4, eligcat0-3, sexcat all, dual all",Hosp_Final_long_nonblankelig_fltr34_year_6_sexcat_all_dual_all.csv,9480887,f,h,Hospitalization,6,1230,,.,34,.,hosp_final_long_nonblankelig_fltr34_year_6_sexcat_all_dual_all
"year 6, fltr3&4, eligcat0-3, sexcat 1",Hosp_Final_long_nonblankelig_fltr34_year_6_sexcat_1.csv,20067185,f,h,Hospitalization,6,1230,,1,34,,hosp_final_long_nonblankelig_fltr34_year_6_sexcat_1
"year 6, fltr3&4, eligcat0-3, sexcat 2",Hosp_Final_long_nonblankelig_fltr34_year_6_sexcat_2.csv,20045830,f,h,Hospitalization,6,1230,,2,34,,hosp_final_long_nonblankelig_fltr34_year_6_sexcat_2
"year 7, fltr3&4, eligcat0-3, sexcat all, dual 0",Hosp_Final_long_nonblankelig_fltr34_year_7_sexcat_all_dual_0.csv,8310756,f,h,Hospitalization,7,1230,,.,34,0,hosp_final_long_nonblankelig_fltr34_year_7_sexcat_all_dual_0
"year 7, fltr3&4, eligcat0-3, sexcat all, dual 1",Hosp_Final_long_nonblankelig_fltr34_year_7_sexcat_all_dual_1.csv,6793432,f,h,Hospitalization,7,1230,,.,34,1,hosp_final_long_nonblankelig_fltr34_year_7_sexcat_all_dual_1
"year 7, fltr3&4, eligcat0-3, sexcat all, dual all",Hosp_Final_long_nonblankelig_fltr34_year_7_sexcat_all_dual_all.csv,9493548,f,h,Hospitalization,7,1230,,.,34,.,hosp_final_long_nonblankelig_fltr34_year_7_sexcat_all_dual_all
"year 7, fltr3&4, eligcat0-3, sexcat 1",Hosp_Final_long_nonblankelig_fltr34_year_7_sexcat_1.csv,20103474,f,h,Hospitalization,7,1230,,1,34,,hosp_final_long_nonblankelig_fltr34_year_7_sexcat_1
"year 7, fltr3&4, eligcat0-3, sexcat 2",Hosp_Final_long_nonblankelig_fltr34_year_7_sexcat_2.csv,20056851,f,h,Hospitalization,7,1230,,2,34,,hosp_final_long_nonblankelig_fltr34_year_7_sexcat_2
"year 8, fltr3&4, racecat 2",Hosp_Final_long_fltr34_year_8_racecat_2.csv,13893896,f,h,Hospitalization,8,,2,,34,,hosp_final_long_fltr34_year_8_racecat_2
"year 8, fltr3&4, racecat 3",Hosp_Final_long_fltr34_year_8_racecat_3.csv,4268669,f,h,Hospitalization,8,,3,,34,,hosp_final_long_fltr34_year_8_racecat_3
"year 8, fltr3&4, racecat 4",Hosp_Final_long_fltr34_year_8_racecat_4.csv,5336559,f,h,Hospitalization,8,,4,,34,,hosp_final_long_fltr34_year_8_racecat_4
"year 8, fltr3&4, racecat 5",Hosp_Final_long_fltr34_year_8_racecat_5.csv,11236076,f,h,Hospitalization,8,,5,,34,,hosp_final_long_fltr34_year_8_racecat_5
"year 8, fltr3&4, racecat 6",Hosp_Final_long_fltr34_year_8_racecat_6.csv,3484376,f,h,Hospitalization,8,,6,,34,,hosp_final_long_fltr34_year_8_racecat_6
"year 8, fltr3&4, racecat all, sexcat 1",Hosp_Final_long_fltr34_year_8_racecat_all_sexcat_1.csv,10726787,f,h,Hospitalization,8,,.,1,34,,hosp_final_long_fltr34_year_8_racecat_all_sexcat_1
"year 8, fltr3&4, racecat all, sexcat 2",Hosp_Final_long_fltr34_year_8_racecat_all_sexcat_2.csv,10688724,f,h,Hospitalization,8,,.,2,34,,hosp_final_long_fltr34_year_8_racecat_all_sexcat_2
"year 8, fltr3&4, racecat all, sexcat all",Hosp_Final_long_fltr34_year_8_racecat_all_sexcat_all.csv,11837153,f,h,Hospitalization,8,,.,.,34,,hosp_final_long_fltr34_year_8_racecat_all_sexcat_all
"year 8, fltr3&4, racecat 1, sexcat 1",Hosp_Final_long_fltr34_year_8_racecat_1_sexcat_1.csv,9798554,f,h,Hospitalization,8,,1,1,34,,hosp_final_long_fltr34_year_8_racecat_1_sexcat_1
"year 8, fltr3&4, racecat 1, sexcat 2",Hosp_Final_long_fltr34_year_8_racecat_1_sexcat_2.csv,9874380,f,h,Hospitalization,8,,1,2,34,,hosp_final_long_fltr34_year_8_racecat_1_sexcat_2
"year 8, fltr3&4, racecat 1, sexcat all",Hosp_Final_long_fltr34_year_8_racecat_1_sexcat_all.csv,10879249,f,h,Hospitalization,8,,1,.,34,,hosp_final_long_fltr34_year_8_racecat_1_sexcat_all
"year 9, fltr3&4, racecat 2",Hosp_Final_long_fltr34_year_9_racecat_2.csv,13754774,f,h,Hospitalization,9,,2,,34,,hosp_final_long_fltr34_year_9_racecat_2
"year 9, fltr3&4, racecat 3",Hosp_Final_long_fltr34_year_9_racecat_3.csv,4242079,f,h,Hospitalization,9,,3,,34,,hosp_final_long_fltr34_year_9_racecat_3
"year 9, fltr3&4, racecat 4",Hosp_Final_long_fltr34_year_9_racecat_4.csv,5364735,f,h,Hospitalization,9,,4,,34,,hosp_final_long_fltr34_year_9_racecat_4
"year 9, fltr3&4, racecat 5",Hosp_Final_long_fltr34_year_9_racecat_5.csv,11264598,f,h,Hospitalization,9,,5,,34,,hosp_final_long_fltr34_year_9_racecat_5
"year 9, fltr3&4, racecat 6",Hosp_Final_long_fltr34_year_9_racecat_6.csv,3402005,f,h,Hospitalization,9,,6,,34,,hosp_final_long_fltr34_year_9_racecat_6
"year 9, fltr3&4, racecat all, sexcat 1",Hosp_Final_long_fltr34_year_9_racecat_all_sexcat_1.csv,10691539,f,h,Hospitalization,9,,.,1,34,,hosp_final_long_fltr34_year_9_racecat_all_sexcat_1
"year 9, fltr3&4, racecat all, sexcat 2",Hosp_Final_long_fltr34_year_9_racecat_all_sexcat_2.csv,10660265,f,h,Hospitalization,9,,.,2,34,,hosp_final_long_fltr34_year_9_racecat_all_sexcat_2
"year 9, fltr3&4, racecat all, sexcat all",Hosp_Final_long_fltr34_year_9_racecat_all_sexcat_all.csv,11801219,f,h,Hospitalization,9,,.,.,34,,hosp_final_long_fltr34_year_9_racecat_all_sexcat_all
"year 9, fltr3&4, racecat 1, sexcat 1",Hosp_Final_long_fltr34_year_9_racecat_1_sexcat_1.csv,9757983,f,h,Hospitalization,9,,1,1,34,,hosp_final_long_fltr34_year_9_racecat_1_sexcat_1
"year 9, fltr3&4, racecat 1, sexcat 2",Hosp_Final_long_fltr34_year_9_racecat_1_sexcat_2.csv,9842887,f,h,Hospitalization,9,,1,2,34,,hosp_final_long_fltr34_year_9_racecat_1_sexcat_2
"year 9, fltr3&4, racecat 1, sexcat all",Hosp_Final_long_fltr34_year_9_racecat_1_sexcat_all.csv,10844810,f,h,Hospitalization,9,,1,.,34,,hosp_final_long_fltr34_year_9_racecat_1_sexcat_all
"year 20, fltr1&2, racecat 2",Hosp_Final_long_fltr12_year_20_racecat_2.csv,0,f,h,Hospitalization,20,,2,,12,,hosp_final_long_fltr12_year_20_racecat_2
"year 20, fltr1&2, racecat 4",Hosp_Final_long_fltr12_year_20_racecat_4.csv,0,f,h,Hospitalization,20,,4,,12,,hosp_final_long_fltr12_year_20_racecat_4
"year 20, fltr1&2, racecat 5",Hosp_Final_long_fltr12_year_20_racecat_5.csv,0,f,h,Hospitalization,20,,5,,12,,hosp_final_long_fltr12_year_20_racecat_5
"year 20, fltr1&2, racecat 6",Hosp_Final_long_fltr12_year_20_racecat_6.csv,0,f,h,Hospitalization,20,,6,,12,,hosp_final_long_fltr12_year_20_racecat_6
"year 20, fltr1&2, racecat all, sexcat 1",Hosp_Final_long_fltr12_year_20_racecat_all_sexcat_1.csv,0,f,h,Hospitalization,20,,.,1,12,,hosp_final_long_fltr12_year_20_racecat_all_sexcat_1
"year 20, fltr1&2, racecat all, sexcat 2",Hosp_Final_long_fltr12_year_20_racecat_all_sexcat_2.csv,0,f,h,Hospitalization,20,,.,2,12,,hosp_final_long_fltr12_year_20_racecat_all_sexcat_2
"year 20, fltr1&2, racecat all, sexcat all",Hosp_Final_long_fltr12_year_20_racecat_all_sexcat_all.csv,0,f,h,Hospitalization,20,,.,.,12,,hosp_final_long_fltr12_year_20_racecat_all_sexcat_all
"year 20, fltr1&2, racecat 1, sexcat 1",Hosp_Final_long_fltr12_year_20_racecat_1_sexcat_1.csv,0,f,h,Hospitalization,20,,1,1,12,,hosp_final_long_fltr12_year_20_racecat_1_sexcat_1
"year 20, fltr1&2, racecat 1, sexcat 2",Hosp_Final_long_fltr12_year_20_racecat_1_sexcat_2.csv,0,f,h,Hospitalization,20,,1,2,12,,hosp_final_long_fltr12_year_20_racecat_1_sexcat_2
"year 20, fltr1&2, racecat 1, sexcat all",Hosp_Final_long_fltr12_year_20_racecat_1_sexcat_all.csv,0,f,h,Hospitalization,20,,1,.,12,,hosp_final_long_fltr12_year_20_racecat_1_sexcat_all
"year 20, fltr3&4, racecat 2",Hosp_Final_long_fltr34_year_20_racecat_2.csv,0,f,h,Hospitalization,20,,2,,34,,hosp_final_long_fltr34_year_20_racecat_2
"year 20, fltr3&4, racecat 4",Hosp_Final_long_fltr34_year_20_racecat_4.csv,0,f,h,Hospitalization,20,,4,,34,,hosp_final_long_fltr34_year_20_racecat_4
"year 20, fltr3&4, racecat 5",Hosp_Final_long_fltr34_year_20_racecat_5.csv,0,f,h,Hospitalization,20,,5,,34,,hosp_final_long_fltr34_year_20_racecat_5
"year 20, fltr3&4, racecat 6",Hosp_Final_long_fltr34_year_20_racecat_6.csv,0,f,h,Hospitalization,20,,6,,34,,hosp_final_long_fltr34_year_20_racecat_6
"year 20, fltr3&4, racecat all, sexcat 1",Hosp_Final_long_fltr34_year_20_racecat_all_sexcat_1.csv,0,f,h,Hospitalization,20,,.,1,34,,hosp_final_long_fltr34_year_20_racecat_all_sexcat_1
"year 20, fltr3&4, racecat all, sexcat 2",Hosp_Final_long_fltr34_year_20_racecat_all_sexcat_2.csv,0,f,h,Hospitalization,20,,.,2,34,,hosp_final_long_fltr34_year_20_racecat_all_sexcat_2
"year 20, fltr3&4, racecat all, sexcat all",Hosp_Final_long_fltr34_year_20_racecat_all_sexcat_all.csv,0,f,h,Hospitalization,20,,.,.,34,,hosp_final_long_fltr34_year_20_racecat_all_sexcat_all
"year 20, fltr3&4, racecat 1, sexcat 1",Hosp_Final_long_fltr34_year_20_racecat_1_sexcat_1.csv,0,f,h,Hospitalization,20,,1,1,34,,hosp_final_long_fltr34_year_20_racecat_1_sexcat_1
"year 20, fltr3&4, racecat 1, sexcat 2",Hosp_Final_long_fltr34_year_20_racecat_1_sexcat_2.csv,0,f,h,Hospitalization,20,,1,2,34,,hosp_final_long_fltr34_year_20_racecat_1_sexcat_2
"year 20, fltr3&4, racecat 1, sexcat all",Hosp_Final_long_fltr34_year_20_racecat_1_sexcat_all.csv,0,f,h,Hospitalization,20,,1,.,34,,hosp_final_long_fltr34_year_20_racecat_1_sexcat_all
"year 9, fltr3&4, racecat 2",ED_Final_long_fltr34_year_9_racecat_2.csv,13472360,f,e,Emergency Room,9,,2,,34,,ed_final_long_fltr34_year_9_racecat_2
"year 9, fltr3&4, racecat 3",ED_Final_long_fltr34_year_9_racecat_3.csv,4156764,f,e,Emergency Room,9,,3,,34,,ed_final_long_fltr34_year_9_racecat_3
"year 9, fltr3&4, racecat 4",ED_Final_long_fltr34_year_9_racecat_4.csv,5344372,f,e,Emergency Room,9,,4,,34,,ed_final_long_fltr34_year_9_racecat_4
"year 9, fltr3&4, racecat 5",ED_Final_long_fltr34_year_9_racecat_5.csv,11037015,f,e,Emergency Room,9,,5,,34,,ed_final_long_fltr34_year_9_racecat_5
"year 9, fltr3&4, racecat 6",ED_Final_long_fltr34_year_9_racecat_6.csv,3232284,f,e,Emergency Room,9,,6,,34,,ed_final_long_fltr34_year_9_racecat_6
"year 9, fltr3&4, racecat all, sexcat 1",ED_Final_long_fltr34_year_9_racecat_all_sexcat_1.csv,10647076,f,e,Emergency Room,9,,.,1,34,,ed_final_long_fltr34_year_9_racecat_all_sexcat_1
"year 9, fltr3&4, racecat all, sexcat 2",ED_Final_long_fltr34_year_9_racecat_all_sexcat_2.csv,10653166,f,e,Emergency Room,9,,.,2,34,,ed_final_long_fltr34_year_9_racecat_all_sexcat_2
"year 9, fltr3&4, racecat all, sexcat all",ED_Final_long_fltr34_year_9_racecat_all_sexcat_all.csv,11755379,f,e,Emergency Room,9,,.,.,34,,ed_final_long_fltr34_year_9_racecat_all_sexcat_all
"year 9, fltr3&4, racecat 1, dual 0",ED_Final_long_fltr34_year_9_racecat_1_dual_0.csv,10508787,f,e,Emergency Room,9,,1,,34,0,ed_final_long_fltr34_year_9_racecat_1_dual_0
"year 9, fltr3&4, racecat 1, dual 1",ED_Final_long_fltr34_year_9_racecat_1_dual_1.csv,8908513,f,e,Emergency Room,9,,1,,34,1,ed_final_long_fltr34_year_9_racecat_1_dual_1
"year 9, fltr3&4, racecat 1, dual all",ED_Final_long_fltr34_year_9_racecat_1_dual_all.csv,11013370,f,e,Emergency Room,9,,1,,34,.,ed_final_long_fltr34_year_9_racecat_1_dual_all
"year 20, fltr1&2, racecat 2",ED_Final_long_fltr12_year_20_racecat_2.csv,0,f,e,Emergency Room,20,,2,,12,,ed_final_long_fltr12_year_20_racecat_2
"year 20, fltr1&2, racecat 4",ED_Final_long_fltr12_year_20_racecat_4.csv,0,f,e,Emergency Room,20,,4,,12,,ed_final_long_fltr12_year_20_racecat_4
"year 20, fltr1&2, racecat 5",ED_Final_long_fltr12_year_20_racecat_5.csv,0,f,e,Emergency Room,20,,5,,12,,ed_final_long_fltr12_year_20_racecat_5
"year 20, fltr1&2, racecat 6",ED_Final_long_fltr12_year_20_racecat_6.csv,0,f,e,Emergency Room,20,,6,,12,,ed_final_long_fltr12_year_20_racecat_6
"year 20, fltr1&2, racecat all, sexcat 1",ED_Final_long_fltr12_year_20_racecat_all_sexcat_1.csv,0,f,e,Emergency Room,20,,.,1,12,,ed_final_long_fltr12_year_20_racecat_all_sexcat_1
"year 20, fltr1&2, racecat all, sexcat 2",ED_Final_long_fltr12_year_20_racecat_all_sexcat_2.csv,0,f,e,Emergency Room,20,,.,2,12,,ed_final_long_fltr12_year_20_racecat_all_sexcat_2
"year 20, fltr1&2, racecat all, sexcat all",ED_Final_long_fltr12_year_20_racecat_all_sexcat_all.csv,0,f,e,Emergency Room,20,,.,.,12,,ed_final_long_fltr12_year_20_racecat_all_sexcat_all
"year 20, fltr1&2, racecat 1, dual 0",ED_Final_long_fltr12_year_20_racecat_1_dual_0.csv,0,f,e,Emergency Room,20,,1,,12,0,ed_final_long_fltr12_year_20_racecat_1_dual_0
"year 20, fltr1&2, racecat 1, dual 1",ED_Final_long_fltr12_year_20_racecat_1_dual_1.csv,0,f,e,Emergency Room,20,,1,,12,1,ed_final_long_fltr12_year_20_racecat_1_dual_1
"year 20, fltr1&2, racecat 1, dual all",ED_Final_long_fltr12_year_20_racecat_1_dual_all.csv,0,f,e,Emergency Room,20,,1,,12,.,ed_final_long_fltr12_year_20_racecat_1_dual_all
"year 20, fltr3&4, racecat 2",ED_Final_long_fltr34_year_20_racecat_2.csv,0,f,e,Emergency Room,20,,2,,34,,ed_final_long_fltr34_year_20_racecat_2
"year 20, fltr3&4, racecat 4",ED_Final_long_fltr34_year_20_racecat_4.csv,0,f,e,Emergency Room,20,,4,,34,,ed_final_long_fltr34_year_20_racecat_4
"year 20, fltr3&4, racecat 5",ED_Final_long_fltr34_year_20_racecat_5.csv,0,f,e,Emergency Room,20,,5,,34,,ed_final_long_fltr34_year_20_racecat_5
"year 20, fltr3&4, racecat 6",ED_Final_long_fltr34_year_20_racecat_6.csv,0,f,e,Emergency Room,20,,6,,34,,ed_final_long_fltr34_year_20_racecat_6
"year 20, fltr3&4, racecat all, sexcat 1",ED_Final_long_fltr34_year_20_racecat_all_sexcat_1.csv,0,f,e,Emergency Room,20,,.,1,34,,ed_final_long_fltr34_year_20_racecat_all_sexcat_1
"year 20, fltr3&4, racecat all, sexcat 2",ED_Final_long_fltr34_year_20_racecat_all_sexcat_2.csv,0,f,e,Emergency Room,20,,.,2,34,,ed_final_long_fltr34_year_20_racecat_all_sexcat_2
"year 20, fltr3&4, racecat all, sexcat all",ED_Final_long_fltr34_year_20_racecat_all_sexcat_all.csv,0,f,e,Emergency Room,20,,.,.,34,,ed_final_long_fltr34_year_20_racecat_all_sexcat_all
"year 20, fltr3&4, racecat 1, dual 0",ED_Final_long_fltr34_year_20_racecat_1_dual_0.csv,0,f,e,Emergency Room,20,,1,,34,0,ed_final_long_fltr34_year_20_racecat_1_dual_0
"year 20, fltr3&4, racecat 1, dual 1",ED_Final_long_fltr34_year_20_racecat_1_dual_1.csv,0,f,e,Emergency Room,20,,1,,34,1,ed_final_long_fltr34_year_20_racecat_1_dual_1
"year 20, fltr3&4, racecat 1, dual all",ED_Final_long_fltr34_year_20_racecat_1_dual_all.csv,0,f,e,Emergency Room,20,,1,,34,.,ed_final_long_fltr34_year_20_racecat_1_dual_all
"year 20, dual 0",Totalcost_Final_long_year_20_dual_0.csv,0,f,t,Total Cost,20,,,,,0,totalcost_final_long_year_20_dual_0
"year 20, dual 1",Totalcost_Final_long_year_20_dual_1.csv,0,f,t,Total Cost,20,,,,,1,totalcost_final_long_year_20_dual_1
"year 20, dual all",Totalcost_Final_long_year_20_dual_all.csv,0,f,t,Total Cost,20,,,,,.,totalcost_final_long_year_20_dual_all
"year 20, dual 0",Riskcost_Final_long_year_20_dual_0.csv,0,f,a,Risk-adjusted cost,20,,,,,0,riskcost_final_long_year_20_dual_0
"year 20, dual 1",Riskcost_Final_long_year_20_dual_1.csv,0,f,a,Risk-adjusted cost,20,,,,,1,riskcost_final_long_year_20_dual_1
"year 20, dual all",Riskcost_Final_long_year_20_dual_all.csv,0,f,a,Risk-adjusted cost,20,,,,,.,riskcost_final_long_year_20_dual_all
"year 20, dual 0",Principalcost_Final_long_year_20_dual_0.csv,13360587,f,p,Principal Cost,20,,,,,0,principalcost_final_long_year_20_dual_0
"year 20, dual 1",Principalcost_Final_long_year_20_dual_1.csv,9633504,f,p,Principal Cost,20,,,,,1,principalcost_final_long_year_20_dual_1
"year 20, dual all",Principalcost_Final_long_year_20_dual_all.csv,16045435,f,p,Principal Cost,20,,,,,.,principalcost_final_long_year_20_dual_all
"year 20, dual 0",Principalcost_Final_long_year_20_dual_0.csv,0,f,p,Principal Cost,20,,,,,0,principalcost_final_long_year_20_dual_0
"year 20, dual 1",Principalcost_Final_long_year_20_dual_1.csv,0,f,p,Principal Cost,20,,,,,1,principalcost_final_long_year_20_dual_1
"year 20, dual all",Principalcost_Final_long_year_20_dual_all.csv,0,f,p,Principal Cost,20,,,,,.,principalcost_final_long_year_20_dual_all
"year 20, eligcat 2",Precare_Final_long_year_20_eligcat_2.csv,0,f,c,Preventive Care,20,2,,,,,precare_final_long_year_20_eligcat_2
"year 20, eligcat 3",Precare_Final_long_year_20_eligcat_3.csv,0,f,c,Preventive Care,20,3,,,,,precare_final_long_year_20_eligcat_3
"year 20, eligcat all , dual 0",Precare_Final_long_year_20_eligcat_all_dual_0.csv,0,f,c,Preventive Care,20,.,,,,0,precare_final_long_year_20_eligcat_all_dual_0
"year 20, eligcat all , dual 1",Precare_Final_long_year_20_eligcat_all_dual_1.csv,0,f,c,Preventive Care,20,.,,,,1,precare_final_long_year_20_eligcat_all_dual_1
"year 20, eligcat all , dual all",Precare_Final_long_year_20_eligcat_all_dual_all.csv,0,f,c,Preventive Care,20,.,,,,.,precare_final_long_year_20_eligcat_all_dual_all
"year 20, eligcat 0, dual 0",Precare_Final_long_year_20_eligcat_0_dual_0.csv,0,f,c,Preventive Care,20,0,,,,0,precare_final_long_year_20_eligcat_0_dual_0
"year 20, eligcat 0, dual 1",Precare_Final_long_year_20_eligcat_0_dual_1.csv,0,f,c,Preventive Care,20,0,,,,1,precare_final_long_year_20_eligcat_0_dual_1
"year 20, eligcat 0, dual all",Precare_Final_long_year_20_eligcat_0_dual_all.csv,0,f,c,Preventive Care,20,0,,,,.,precare_final_long_year_20_eligcat_0_dual_all
"year 20, eligcat 1, dual 0",Precare_Final_long_year_20_eligcat_1_dual_0.csv,0,f,c,Preventive Care,20,1,,,,0,precare_final_long_year_20_eligcat_1_dual_0
"year 20, eligcat 1, dual 1",Precare_Final_long_year_20_eligcat_1_dual_1.csv,0,f,c,Preventive Care,20,1,,,,1,precare_final_long_year_20_eligcat_1_dual_1
"year 20, eligcat 1, dual all",Precare_Final_long_year_20_eligcat_1_dual_all.csv,0,f,c,Preventive Care,20,1,,,,.,precare_final_long_year_20_eligcat_1_dual_all
year 20,PQI_Final_long_year_20.csv,0,f,q,PQI,20,,,,,,pqi_final_long_year_20
year 20,Readmission_Final_long 20.csv,0,f,r,Readmission,20,,,,,,readmission_final_long_20
year 20,Mortality_Final_long 20.csv,0,f,m,Mortality,20,,,,,,mortality_final_long_20
"year 20, dual 0",Admsn_Final_long_dual_0_20.csv,0,f,n,Admission Type,20,,,,,0,admsn_final_long_dual_0_20
"year 20, dual 1",Admsn_Final_long_dual_1_20.csv,0,f,n,Admission Type,20,,,,,1,admsn_final_long_dual_1_20
"year 20, dual all",Admsn_Final_long_dual_all_20.csv,0,f,n,Admission Type,20,,,,,.,admsn_final_long_dual_all_20
"year 20, dual 0",Dschrg_Final_long_dual_0_20.csv ,0,f,d,Discharge Destination,20,,,,,0,dschrg_final_long_dual_0_20
"year 20, dual 1",Dschrg_Final_long_dual_1_20.csv ,0,f,d,Discharge Destination,20,,,,,1,dschrg_final_long_dual_1_20
"year 20, dual all",Dschrg_Final_long_dual_all_20.csv ,0,f,d,Discharge Destination,20,,,,,.,dschrg_final_long_dual_all_20
year 20,Ipdays_Final_long 20.csv ,0,f,i,Inpatient Days,20,,,,,,ipdays_final_long_20
year 20,Mdcr_pmt_Final_long 20.csv,0,f,b,Medicare Reimbursement,20,,,,,,mdcr_pmt_final_long_20
"year 20, sex 1",PSI_Final_long_sex_1_20.csv ,0,f,s,PSI,20,,,1,,,psi_final_long_sex_1_20
"year 20, sex 2",PSI_Final_long_sex_2_20.csv ,0,f,s,PSI,20,,,2,,,psi_final_long_sex_2_20
"year 20, sex all",PSI_Final_long_sex_all_20.csv,0,f,s,PSI,20,,,.,,,psi_final_long_sex_all_20
"year 21, fltr1&2, racecat 2",Prev_Final_long_fltr12_year_21_racecat_2.csv,0,f,v,Prevalence,21,,2,,12,,prev_final_long_fltr12_racecat_2_21_f
"year 21, fltr1&2, racecat 4",Prev_Final_long_fltr12_year_21_racecat_4.csv,0,f,v,Prevalence,21,,4,,12,,prev_final_long_fltr12_racecat_4_21_f
"year 21, fltr1&2, racecat 5",Prev_Final_long_fltr12_year_21_racecat_5.csv,0,f,v,Prevalence,21,,5,,12,,prev_final_long_fltr12_racecat_5_21_f
"year 21, fltr1&2, racecat 6",Prev_Final_long_fltr12_year_21_racecat_6.csv,0,f,v,Prevalence,21,,6,,12,,prev_final_long_fltr12_racecat_6_21_f
"year 21, fltr1&2, racecat all, sexcat 1",Prev_Final_long_fltr12_year_21_racecat_all_sexcat_1.csv,0,f,v,Prevalence,21,,.,1,12,,prev_final_long_fltr12_racecat_all_sexcat_1_21_f
"year 21, fltr1&2, racecat all, sexcat 2",Prev_Final_long_fltr12_year_21_racecat_all_sexcat_2.csv,0,f,v,Prevalence,21,,.,2,12,,prev_final_long_fltr12_racecat_all_sexcat_2_21_f
"year 21, fltr1&2, racecat all, sexcat all",Prev_Final_long_fltr12_year_21_racecat_all_sexcat_all.csv,0,f,v,Prevalence,21,,.,.,12,,prev_final_long_fltr12_racecat_all_sexcat_all_21_f
"year 21, fltr1&2, racecat 1, sexcat 1",Prev_Final_long_fltr12_year_21_racecat_1_sexcat_1.csv,0,f,v,Prevalence,21,,1,1,12,,prev_final_long_fltr12_racecat_1_sexcat_1_21_f
"year 21, fltr1&2, racecat 1, sexcat 2",Prev_Final_long_fltr12_year_21_racecat_1_sexcat_2.csv,0,f,v,Prevalence,21,,1,2,12,,prev_final_long_fltr12_racecat_1_sexcat_2_21_f
"year 21, fltr1&2, racecat 1, sexcat all",Prev_Final_long_fltr12_year_21_racecat_1_sexcat_all.csv,0,f,v,Prevalence,21,,1,.,12,,prev_final_long_fltr12_racecat_1_sexcat_all_21_f
"year 21, fltr3&4, racecat 2",Prev_Final_long_fltr34_year_21_racecat_2.csv,0,f,v,Prevalence,21,,2,,34,,prev_final_long_fltr34_racecat_2_21_f
"year 21, fltr3&4, racecat 4",Prev_Final_long_fltr34_year_21_racecat_4.csv,0,f,v,Prevalence,21,,4,,34,,prev_final_long_fltr34_racecat_4_21_f
"year 21, fltr3&4, racecat 5",Prev_Final_long_fltr34_year_21_racecat_5.csv,0,f,v,Prevalence,21,,5,,34,,prev_final_long_fltr34_racecat_5_21_f
"year 21, fltr3&4, racecat 6",Prev_Final_long_fltr34_year_21_racecat_6.csv,0,f,v,Prevalence,21,,6,,34,,prev_final_long_fltr34_racecat_6_21_f
"year 21, fltr3&4, racecat all, sexcat 1",Prev_Final_long_fltr34_year_21_racecat_all_sexcat_1.csv,0,f,v,Prevalence,21,,.,1,34,,prev_final_long_fltr34_racecat_all_sexcat_1_21_f
"year 21, fltr3&4, racecat all, sexcat 2",Prev_Final_long_fltr34_year_21_racecat_all_sexcat_2.csv,0,f,v,Prevalence,21,,.,2,34,,prev_final_long_fltr34_racecat_all_sexcat_2_21_f
"year 21, fltr3&4, racecat all, sexcat all",Prev_Final_long_fltr34_year_21_racecat_all_sexcat_all.csv,0,f,v,Prevalence,21,,.,.,34,,prev_final_long_fltr34_racecat_all_sexcat_all_21_f
"year 21, fltr3&4, racecat 1, sexcat 1",Prev_Final_long_fltr34_year_21_racecat_1_sexcat_1.csv,0,f,v,Prevalence,21,,1,1,34,,prev_final_long_fltr34_racecat_1_sexcat_1_21_f
"year 21, fltr3&4, racecat 1, sexcat 2",Prev_Final_long_fltr34_year_21_racecat_1_sexcat_2.csv,0,f,v,Prevalence,21,,1,2,34,,prev_final_long_fltr34_racecat_1_sexcat_2_21_f
"year 21, fltr3&4, racecat 1, sexcat all",Prev_Final_long_fltr34_year_21_racecat_1_sexcat_all.csv,0,f,v,Prevalence,21,,1,.,34,,prev_final_long_fltr34_racecat_1_sexcat_all_21_f
"year 21, fltr1&2, racecat 2",Hosp_Final_long_fltr12_year_21_racecat_2.csv,0,f,h,Hospitalization,21,,2,,12,,hosp_final_long_fltr12_racecat_2_21_f
"year 21, fltr1&2, racecat 4",Hosp_Final_long_fltr12_year_21_racecat_4.csv,0,f,h,Hospitalization,21,,4,,12,,hosp_final_long_fltr12_racecat_4_21_f
"year 21, fltr1&2, racecat 5",Hosp_Final_long_fltr12_year_21_racecat_5.csv,0,f,h,Hospitalization,21,,5,,12,,hosp_final_long_fltr12_racecat_5_21_f
"year 21, fltr1&2, racecat 6",Hosp_Final_long_fltr12_year_21_racecat_6.csv,0,f,h,Hospitalization,21,,6,,12,,hosp_final_long_fltr12_racecat_6_21_f
"year 21, fltr1&2, racecat all, sexcat 1",Hosp_Final_long_fltr12_year_21_racecat_all_sexcat_1.csv,0,f,h,Hospitalization,21,,.,1,12,,hosp_final_long_fltr12_racecat_all_sexcat_1_21_f
"year 21, fltr1&2, racecat all, sexcat 2",Hosp_Final_long_fltr12_year_21_racecat_all_sexcat_2.csv,0,f,h,Hospitalization,21,,.,2,12,,hosp_final_long_fltr12_racecat_all_sexcat_2_21_f
"year 21, fltr1&2, racecat all, sexcat all",Hosp_Final_long_fltr12_year_21_racecat_all_sexcat_all.csv,0,f,h,Hospitalization,21,,.,.,12,,hosp_final_long_fltr12_racecat_all_sexcat_all_21_f
"year 21, fltr1&2, racecat 1, sexcat 1",Hosp_Final_long_fltr12_year_21_racecat_1_sexcat_1.csv,0,f,h,Hospitalization,21,,1,1,12,,hosp_final_long_fltr12_racecat_1_sexcat_1_21_f
"year 21, fltr1&2, racecat 1, sexcat 2",Hosp_Final_long_fltr12_year_21_racecat_1_sexcat_2.csv,0,f,h,Hospitalization,21,,1,2,12,,hosp_final_long_fltr12_racecat_1_sexcat_2_21_f
"year 21, fltr1&2, racecat 1, sexcat all",Hosp_Final_long_fltr12_year_21_racecat_1_sexcat_all.csv,0,f,h,Hospitalization,21,,1,.,12,,hosp_final_long_fltr12_racecat_1_sexcat_all_21_f
"year 21, fltr3&4, racecat 2",Hosp_Final_long_fltr34_year_21_racecat_2.csv,0,f,h,Hospitalization,21,,2,,34,,hosp_final_long_fltr34_racecat_2_21_f
"year 21, fltr3&4, racecat 4",Hosp_Final_long_fltr34_year_21_racecat_4.csv,0,f,h,Hospitalization,21,,4,,34,,hosp_final_long_fltr34_racecat_4_21_f
"year 21, fltr3&4, racecat 5",Hosp_Final_long_fltr34_year_21_racecat_5.csv,0,f,h,Hospitalization,21,,5,,34,,hosp_final_long_fltr34_racecat_5_21_f
"year 21, fltr3&4, racecat 6",Hosp_Final_long_fltr34_year_21_racecat_6.csv,0,f,h,Hospitalization,21,,6,,34,,hosp_final_long_fltr34_racecat_6_21_f
"year 21, fltr3&4, racecat all, sexcat 1",Hosp_Final_long_fltr34_year_21_racecat_all_sexcat_1.csv,0,f,h,Hospitalization,21,,.,1,34,,hosp_final_long_fltr34_racecat_all_sexcat_1_21_f
"year 21, fltr3&4, racecat all, sexcat 2",Hosp_Final_long_fltr34_year_21_racecat_all_sexcat_2.csv,0,f,h,Hospitalization,21,,.,2,34,,hosp_final_long_fltr34_racecat_all_sexcat_2_21_f
"year 21, fltr3&4, racecat all, sexcat all",Hosp_Final_long_fltr34_year_21_racecat_all_sexcat_all.csv,0,f,h,Hospitalization,21,,.,.,34,,hosp_final_long_fltr34_racecat_all_sexcat_all_21_f
"year 21, fltr3&4, racecat 1, sexcat 1",Hosp_Final_long_fltr34_year_21_racecat_1_sexcat_1.csv,0,f,h,Hospitalization,21,,1,1,34,,hosp_final_long_fltr34_racecat_1_sexcat_1_21_f
"year 21, fltr3&4, racecat 1, sexcat 2",Hosp_Final_long_fltr34_year_21_racecat_1_sexcat_2.csv,0,f,h,Hospitalization,21,,1,2,34,,hosp_final_long_fltr34_racecat_1_sexcat_2_21_f
"year 21, fltr3&4, racecat 1, sexcat all",Hosp_Final_long_fltr34_year_21_racecat_1_sexcat_all.csv,0,f,h,Hospitalization,21,,1,.,34,,hosp_final_long_fltr34_racecat_1_sexcat_all_21_f
"year 21, fltr1&2, racecat 2",ED_Final_long_fltr12_year_21_racecat_2.csv,0,f,e,Emergency Room,21,,2,,12,,ed_final_long_fltr12_racecat_2_21_f
"year 21, fltr1&2, racecat 4",ED_Final_long_fltr12_year_21_racecat_4.csv,0,f,e,Emergency Room,21,,4,,12,,ed_final_long_fltr12_racecat_4_21_f
"year 21, fltr1&2, racecat 5",ED_Final_long_fltr12_year_21_racecat_5.csv,0,f,e,Emergency Room,21,,5,,12,,ed_final_long_fltr12_racecat_5_21_f
"year 21, fltr1&2, racecat 6",ED_Final_long_fltr12_year_21_racecat_6.csv,0,f,e,Emergency Room,21,,6,,12,,ed_final_long_fltr12_racecat_6_21_f
"year 21, fltr1&2, racecat all, sexcat 1",ED_Final_long_fltr12_year_21_racecat_all_sexcat_1.csv,0,f,e,Emergency Room,21,,.,1,12,,ed_final_long_fltr12_racecat_all_sexcat_1_21_f
"year 21, fltr1&2, racecat all, sexcat 2",ED_Final_long_fltr12_year_21_racecat_all_sexcat_2.csv,0,f,e,Emergency Room,21,,.,2,12,,ed_final_long_fltr12_racecat_all_sexcat_2_21_f
"year 21, fltr1&2, racecat all, sexcat all",ED_Final_long_fltr12_year_21_racecat_all_sexcat_all.csv,0,f,e,Emergency Room,21,,.,.,12,,ed_final_long_fltr12_racecat_all_sexcat_all_21_f
"year 21, fltr1&2, racecat 1, dual 0",ED_Final_long_fltr12_year_21_racecat_1_dual_0.csv,0,f,e,Emergency Room,21,,1,,12,0,ed_final_long_fltr12_racecat_1_dual_0_21_f
"year 21, fltr1&2, racecat 1, dual 1",ED_Final_long_fltr12_year_21_racecat_1_dual_1.csv,0,f,e,Emergency Room,21,,1,,12,1,ed_final_long_fltr12_racecat_1_dual_1_21_f
"year 21, fltr1&2, racecat 1, dual all",ED_Final_long_fltr12_year_21_racecat_1_dual_all.csv,0,f,e,Emergency Room,21,,1,,12,.,ed_final_long_fltr12_racecat_1_dual_all_21_f
"year 21, fltr3&4, racecat 2",ED_Final_long_fltr34_year_21_racecat_2.csv,0,f,e,Emergency Room,21,,2,,34,,ed_final_long_fltr34_racecat_2_21_f
"year 21, fltr3&4, racecat 4",ED_Final_long_fltr34_year_21_racecat_4.csv,0,f,e,Emergency Room,21,,4,,34,,ed_final_long_fltr34_racecat_4_21_f
"year 21, fltr3&4, racecat 5",ED_Final_long_fltr34_year_21_racecat_5.csv,0,f,e,Emergency Room,21,,5,,34,,ed_final_long_fltr34_racecat_5_21_f
"year 21, fltr3&4, racecat 6",ED_Final_long_fltr34_year_21_racecat_6.csv,0,f,e,Emergency Room,21,,6,,34,,ed_final_long_fltr34_racecat_6_21_f
"year 21, fltr3&4, racecat all, sexcat 1",ED_Final_long_fltr34_year_21_racecat_all_sexcat_1.csv,0,f,e,Emergency Room,21,,.,1,34,,ed_final_long_fltr34_racecat_all_sexcat_1_21_f
"year 21, fltr3&4, racecat all, sexcat 2",ED_Final_long_fltr34_year_21_racecat_all_sexcat_2.csv,0,f,e,Emergency Room,21,,.,2,34,,ed_final_long_fltr34_racecat_all_sexcat_2_21_f
"year 21, fltr3&4, racecat all, sexcat all",ED_Final_long_fltr34_year_21_racecat_all_sexcat_all.csv,0,f,e,Emergency Room,21,,.,.,34,,ed_final_long_fltr34_racecat_all_sexcat_all_21_f
"year 21, fltr3&4, racecat 1, dual 0",ED_Final_long_fltr34_year_21_racecat_1_dual_0.csv,0,f,e,Emergency Room,21,,1,,34,0,ed_final_long_fltr34_racecat_1_dual_0_21_f
"year 21, fltr3&4, racecat 1, dual 1",ED_Final_long_fltr34_year_21_racecat_1_dual_1.csv,0,f,e,Emergency Room,21,,1,,34,1,ed_final_long_fltr34_racecat_1_dual_1_21_f
"year 21, fltr3&4, racecat 1, dual all",ED_Final_long_fltr34_year_21_racecat_1_dual_all.csv,0,f,e,Emergency Room,21,,1,,34,.,ed_final_long_fltr34_racecat_1_dual_all_21_f
"year 21, dual 0",Totalcost_Final_long_year_21_dual_0.csv,0,f,t,Total Cost,21,,,,,0,totalcost_final_long_dual_0_21_f
"year 21, dual 1",Totalcost_Final_long_year_21_dual_1.csv,0,f,t,Total Cost,21,,,,,1,totalcost_final_long_dual_1_21_f
"year 21, dual all",Totalcost_Final_long_year_21_dual_all.csv,0,f,t,Total Cost,21,,,,,.,totalcost_final_long_dual_all_21_f
"year 21, dual 0",Riskcost_Final_long_year_21_dual_0.csv,0,f,a,Risk-Adjusted Cost,21,,,,,0,riskcost_final_long_dual_0_21_f
"year 21, dual 1",Riskcost_Final_long_year_21_dual_1.csv,0,f,a,Risk-Adjusted Cost,21,,,,,1,riskcost_final_long_dual_1_21_f
"year 21, dual all",Riskcost_Final_long_year_21_dual_all.csv,0,f,a,Risk-Adjusted Cost,21,,,,,.,riskcost_final_long_dual_all_21_f
"year 21, dual 0",Principalcost_Final_long_year_21_dual_0.csv,0,f,p,Principal Cost,21,,,,,0,principalcost_final_long_dual_0_21_f
"year 21, dual 1",Principalcost_Final_long_year_21_dual_1.csv,0,f,p,Principal Cost,21,,,,,1,principalcost_final_long_dual_1_21_f
"year 21, dual all",Principalcost_Final_long_year_21_dual_all.csv,0,f,p,Principal Cost,21,,,,,.,principalcost_final_long_dual_all_21_f
"year 21, eligcat 2",Precare_Final_long_year_21_eligcat_2.csv,0,f,c,Preventive Care,21,2,,,,,precare_final_long_eligcat_2_21_f
"year 21, eligcat 3",Precare_Final_long_year_21_eligcat_3.csv,0,f,c,Preventive Care,21,3,,,,,precare_final_long_eligcat_3_21_f
"year 21, eligcat all , dual 0",Precare_Final_long_year_21_eligcat_all_dual_0.csv,0,f,c,Preventive Care,21,.,,,,0,precare_final_long_eligcat_all_dual_0_21_f
"year 21, eligcat all , dual 1",Precare_Final_long_year_21_eligcat_all_dual_1.csv,0,f,c,Preventive Care,21,.,,,,1,precare_final_long_eligcat_all_dual_1_21_f
"year 21, eligcat all , dual all",Precare_Final_long_year_21_eligcat_all_dual_all.csv,0,f,c,Preventive Care,21,.,,,,.,precare_final_long_eligcat_all_dual_all_21_f
"year 21, eligcat 0, dual 0",Precare_Final_long_year_21_eligcat_0_dual_0.csv,0,f,c,Preventive Care,21,0,,,,0,precare_final_long_eligcat_0_dual_0_21_f
"year 21, eligcat 0, dual 1",Precare_Final_long_year_21_eligcat_0_dual_1.csv,0,f,c,Preventive Care,21,0,,,,1,precare_final_long_eligcat_0_dual_1_21_f
"year 21, eligcat 0, dual all",Precare_Final_long_year_21_eligcat_0_dual_all.csv,0,f,c,Preventive Care,21,0,,,,.,precare_final_long_eligcat_0_dual_all_21_f
"year 21, eligcat 1, dual 0",Precare_Final_long_year_21_eligcat_1_dual_0.csv,0,f,c,Preventive Care,21,1,,,,0,precare_final_long_eligcat_1_dual_0_21_f
"year 21, eligcat 1, dual 1",Precare_Final_long_year_21_eligcat_1_dual_1.csv,0,f,c,Preventive Care,21,1,,,,1,precare_final_long_eligcat_1_dual_1_21_f
"year 21, eligcat 1, dual all",Precare_Final_long_year_21_eligcat_1_dual_all.csv,0,f,c,Preventive Care,21,1,,,,.,precare_final_long_eligcat_1_dual_all_21_f
year 21,PQI_Final_long_year_21.csv,0,f,q,PQI,21,,,,,,pqi_final_long_year_21_f
year 21,Readmission_Final_long 21.csv,0,f,r,Readmission,21,,,,,,readmission_final_long_21_f
year 21,Mortality_Final_long 21.csv,0,f,m,Mortality,21,,,,,,mortality_final_long_21_f
"year 15, fltr1&2, racecat 2",MA_Prev_Final_long_fltr12_year_15_racecat_2.csv,9666756,m,v,Prevalence,15,,2,,12,,ma_prev_final_long_fltr12_year_15_racecat_2
"year 15, fltr1&2, racecat 3",MA_Prev_Final_long_fltr12_year_15_racecat_3.csv,2380107,m,v,Prevalence,15,,3,,12,,ma_prev_final_long_fltr12_year_15_racecat_3
"year 15, fltr1&2, racecat 4",MA_Prev_Final_long_fltr12_year_15_racecat_4.csv,2972578,m,v,Prevalence,15,,4,,12,,ma_prev_final_long_fltr12_year_15_racecat_4
"year 15, fltr1&2, racecat 5",MA_Prev_Final_long_fltr12_year_15_racecat_5.csv,6359205,m,v,Prevalence,15,,5,,12,,ma_prev_final_long_fltr12_year_15_racecat_5
"year 15, fltr1&2, racecat 6",MA_Prev_Final_long_fltr12_year_15_racecat_6.csv,1111690,m,v,Prevalence,15,,6,,12,,ma_prev_final_long_fltr12_year_15_racecat_6
"year 15, fltr1&2, racecat all, sexcat 1",MA_Prev_Final_long_fltr12_year_15_racecat_all_sexcat_1.csv,7884621,m,v,Prevalence,15,,.,1,12,,ma_prev_final_long_fltr12_year_15_racecat_all_sexcat_1
"year 15, fltr1&2, racecat all, sexcat 2",MA_Prev_Final_long_fltr12_year_15_racecat_all_sexcat_2.csv,8279993,m,v,Prevalence,15,,.,2,12,,ma_prev_final_long_fltr12_year_15_racecat_all_sexcat_2
"year 15, fltr1&2, racecat all, sexcat all",MA_Prev_Final_long_fltr12_year_15_racecat_all_sexcat_all.csv,9089641,m,v,Prevalence,15,,.,.,12,,ma_prev_final_long_fltr12_year_15_racecat_all_sexcat_all
"year 15, fltr1&2, racecat 1, sexcat 1",MA_Prev_Final_long_fltr12_year_15_racecat_1_sexcat_1.csv,7190792,m,v,Prevalence,15,,1,1,12,,ma_prev_final_long_fltr12_year_15_racecat_1_sexcat_1
"year 15, fltr1&2, racecat 1, sexcat 2",MA_Prev_Final_long_fltr12_year_15_racecat_1_sexcat_2.csv,7608634,m,v,Prevalence,15,,1,2,12,,ma_prev_final_long_fltr12_year_15_racecat_1_sexcat_2
"year 15, fltr1&2, racecat 1, sexcat all",MA_Prev_Final_long_fltr12_year_15_racecat_1_sexcat_all.csv,8424155,m,v,Prevalence,15,,1,.,12,,ma_prev_final_long_fltr12_year_15_racecat_1_sexcat_all
"year 15, fltr3&4, racecat 2",MA_Prev_Final_long_fltr34_year_15_racecat_2.csv,5741211,m,v,Prevalence,15,,2,,34,,ma_prev_final_long_fltr34_year_15_racecat_2
"year 15, fltr3&4, racecat 3",MA_Prev_Final_long_fltr34_year_15_racecat_3.csv,1276153,m,v,Prevalence,15,,3,,34,,ma_prev_final_long_fltr34_year_15_racecat_3
"year 15, fltr3&4, racecat 4",MA_Prev_Final_long_fltr34_year_15_racecat_4.csv,1241541,m,v,Prevalence,15,,4,,34,,ma_prev_final_long_fltr34_year_15_racecat_4
"year 15, fltr3&4, racecat 5",MA_Prev_Final_long_fltr34_year_15_racecat_5.csv,3022517,m,v,Prevalence,15,,5,,34,,ma_prev_final_long_fltr34_year_15_racecat_5
"year 15, fltr3&4, racecat 6",MA_Prev_Final_long_fltr34_year_15_racecat_6.csv,476965,m,v,Prevalence,15,,6,,34,,ma_prev_final_long_fltr34_year_15_racecat_6
"year 15, fltr3&4, racecat all, sexcat 1",MA_Prev_Final_long_fltr34_year_15_racecat_all_sexcat_1.csv,6850992,m,v,Prevalence,15,,.,1,34,,ma_prev_final_long_fltr34_year_15_racecat_all_sexcat_1
"year 15, fltr3&4, racecat all, sexcat 2",MA_Prev_Final_long_fltr34_year_15_racecat_all_sexcat_2.csv,7182233,m,v,Prevalence,15,,.,2,34,,ma_prev_final_long_fltr34_year_15_racecat_all_sexcat_2
"year 15, fltr3&4, racecat all, sexcat all",MA_Prev_Final_long_fltr34_year_15_racecat_all_sexcat_all.csv,7900577,m,v,Prevalence,15,,.,.,34,,ma_prev_final_long_fltr34_year_15_racecat_all_sexcat_all
"year 15, fltr3&4, racecat 1, sexcat 1",MA_Prev_Final_long_fltr34_year_15_racecat_1_sexcat_1.csv,6321821,m,v,Prevalence,15,,1,1,34,,ma_prev_final_long_fltr34_year_15_racecat_1_sexcat_1
"year 15, fltr3&4, racecat 1, sexcat 2",MA_Prev_Final_long_fltr34_year_15_racecat_1_sexcat_2.csv,6667973,m,v,Prevalence,15,,1,2,34,,ma_prev_final_long_fltr34_year_15_racecat_1_sexcat_2
"year 15, fltr3&4, racecat 1, sexcat all",MA_Prev_Final_long_fltr34_year_15_racecat_1_sexcat_all.csv,7435797,m,v,Prevalence,15,,1,.,34,,ma_prev_final_long_fltr34_year_15_racecat_1_sexcat_all
"year 16, fltr1&2, racecat 2",MA_Prev_Final_long_fltr12_year_16_racecat_2.csv,10038097,m,v,Prevalence,16,,2,,12,,ma_prev_final_long_fltr12_year_16_racecat_2
"year 16, fltr1&2, racecat 3",MA_Prev_Final_long_fltr12_year_16_racecat_3.csv,2460634,m,v,Prevalence,16,,3,,12,,ma_prev_final_long_fltr12_year_16_racecat_3
"year 16, fltr1&2, racecat 4",MA_Prev_Final_long_fltr12_year_16_racecat_4.csv,3146025,m,v,Prevalence,16,,4,,12,,ma_prev_final_long_fltr12_year_16_racecat_4
"year 16, fltr1&2, racecat 5",MA_Prev_Final_long_fltr12_year_16_racecat_5.csv,6671241,m,v,Prevalence,16,,5,,12,,ma_prev_final_long_fltr12_year_16_racecat_5
"year 16, fltr1&2, racecat 6",MA_Prev_Final_long_fltr12_year_16_racecat_6.csv,1170378,m,v,Prevalence,16,,6,,12,,ma_prev_final_long_fltr12_year_16_racecat_6
"year 16, fltr1&2, racecat all, sexcat 1",MA_Prev_Final_long_fltr12_year_16_racecat_all_sexcat_1.csv,8039874,m,v,Prevalence,16,,.,1,12,,ma_prev_final_long_fltr12_year_16_racecat_all_sexcat_1
"year 16, fltr1&2, racecat all, sexcat 2",MA_Prev_Final_long_fltr12_year_16_racecat_all_sexcat_2.csv,8416646,m,v,Prevalence,16,,.,2,12,,ma_prev_final_long_fltr12_year_16_racecat_all_sexcat_2
"year 16, fltr1&2, racecat all, sexcat all",MA_Prev_Final_long_fltr12_year_16_racecat_all_sexcat_all.csv,9215542,m,v,Prevalence,16,,.,.,12,,ma_prev_final_long_fltr12_year_16_racecat_all_sexcat_all
"year 16, fltr1&2, racecat 1, sexcat 1",MA_Prev_Final_long_fltr12_year_16_racecat_1_sexcat_1.csv,7332033,m,v,Prevalence,16,,1,1,12,,ma_prev_final_long_fltr12_year_16_racecat_1_sexcat_1
"year 16, fltr1&2, racecat 1, sexcat 2",MA_Prev_Final_long_fltr12_year_16_racecat_1_sexcat_2.csv,7745206,m,v,Prevalence,16,,1,2,12,,ma_prev_final_long_fltr12_year_16_racecat_1_sexcat_2
"year 16, fltr1&2, racecat 1, sexcat all",MA_Prev_Final_long_fltr12_year_16_racecat_1_sexcat_all.csv,8534906,m,v,Prevalence,16,,1,.,12,,ma_prev_final_long_fltr12_year_16_racecat_1_sexcat_all
"year 16, fltr3&4, racecat 2",MA_Prev_Final_long_fltr34_year_16_racecat_2.csv,6145146,m,v,Prevalence,16,,2,,34,,ma_prev_final_long_fltr34_year_16_racecat_2
"year 16, fltr3&4, racecat 3",MA_Prev_Final_long_fltr34_year_16_racecat_3.csv,1417879,m,v,Prevalence,16,,3,,34,,ma_prev_final_long_fltr34_year_16_racecat_3
"year 16, fltr3&4, racecat 4",MA_Prev_Final_long_fltr34_year_16_racecat_4.csv,1390295,m,v,Prevalence,16,,4,,34,,ma_prev_final_long_fltr34_year_16_racecat_4
"year 16, fltr3&4, racecat 5",MA_Prev_Final_long_fltr34_year_16_racecat_5.csv,3442008,m,v,Prevalence,16,,5,,34,,ma_prev_final_long_fltr34_year_16_racecat_5
"year 16, fltr3&4, racecat 6",MA_Prev_Final_long_fltr34_year_16_racecat_6.csv,547086,m,v,Prevalence,16,,6,,34,,ma_prev_final_long_fltr34_year_16_racecat_6
"year 16, fltr3&4, racecat all, sexcat 1",MA_Prev_Final_long_fltr34_year_16_racecat_all_sexcat_1.csv,7081606,m,v,Prevalence,16,,.,1,34,,ma_prev_final_long_fltr34_year_16_racecat_all_sexcat_1
"year 16, fltr3&4, racecat all, sexcat 2",MA_Prev_Final_long_fltr34_year_16_racecat_all_sexcat_2.csv,7376983,m,v,Prevalence,16,,.,2,34,,ma_prev_final_long_fltr34_year_16_racecat_all_sexcat_2
"year 16, fltr3&4, racecat all, sexcat all",MA_Prev_Final_long_fltr34_year_16_racecat_all_sexcat_all.csv,8083529,m,v,Prevalence,16,,.,.,34,,ma_prev_final_long_fltr34_year_16_racecat_all_sexcat_all
"year 16, fltr3&4, racecat 1, sexcat 1",MA_Prev_Final_long_fltr34_year_16_racecat_1_sexcat_1.csv,6554384,m,v,Prevalence,16,,1,1,34,,ma_prev_final_long_fltr34_year_16_racecat_1_sexcat_1
"year 16, fltr3&4, racecat 1, sexcat 2",MA_Prev_Final_long_fltr34_year_16_racecat_1_sexcat_2.csv,6866730,m,v,Prevalence,16,,1,2,34,,ma_prev_final_long_fltr34_year_16_racecat_1_sexcat_2
"year 16, fltr3&4, racecat 1, sexcat all",MA_Prev_Final_long_fltr34_year_16_racecat_1_sexcat_all.csv,7619741,m,v,Prevalence,16,,1,.,34,,ma_prev_final_long_fltr34_year_16_racecat_1_sexcat_all
"year 17, fltr1&2, racecat 2",MA_Prev_Final_long_fltr12_year_17_racecat_2.csv,10447021,m,v,Prevalence,17,,2,,12,,ma_prev_final_long_fltr12_year_17_racecat_2
"year 17, fltr1&2, racecat 3",MA_Prev_Final_long_fltr12_year_17_racecat_3.csv,2564078,m,v,Prevalence,17,,3,,12,,ma_prev_final_long_fltr12_year_17_racecat_3
"year 17, fltr1&2, racecat 4",MA_Prev_Final_long_fltr12_year_17_racecat_4.csv,3332229,m,v,Prevalence,17,,4,,12,,ma_prev_final_long_fltr12_year_17_racecat_4
"year 17, fltr1&2, racecat 5",MA_Prev_Final_long_fltr12_year_17_racecat_5.csv,7080786,m,v,Prevalence,17,,5,,12,,ma_prev_final_long_fltr12_year_17_racecat_5
"year 17, fltr1&2, racecat 6",MA_Prev_Final_long_fltr12_year_17_racecat_6.csv,1264542,m,v,Prevalence,17,,6,,12,,ma_prev_final_long_fltr12_year_17_racecat_6
"year 17, fltr1&2, racecat all, sexcat 1",MA_Prev_Final_long_fltr12_year_17_racecat_all_sexcat_1.csv,8197358,m,v,Prevalence,17,,.,1,12,,ma_prev_final_long_fltr12_year_17_racecat_all_sexcat_1
"year 17, fltr1&2, racecat all, sexcat 2",MA_Prev_Final_long_fltr12_year_17_racecat_all_sexcat_2.csv,8568431,m,v,Prevalence,17,,.,2,12,,ma_prev_final_long_fltr12_year_17_racecat_all_sexcat_2
"year 17, fltr1&2, racecat all, sexcat all",MA_Prev_Final_long_fltr12_year_17_racecat_all_sexcat_all.csv,9350012,m,v,Prevalence,17,,.,.,12,,ma_prev_final_long_fltr12_year_17_racecat_all_sexcat_all
"year 17, fltr1&2, racecat 1, sexcat 1",MA_Prev_Final_long_fltr12_year_17_racecat_1_sexcat_1.csv,7487110,m,v,Prevalence,17,,1,1,12,,ma_prev_final_long_fltr12_year_17_racecat_1_sexcat_1
"year 17, fltr1&2, racecat 1, sexcat 2",MA_Prev_Final_long_fltr12_year_17_racecat_1_sexcat_2.csv,7899724,m,v,Prevalence,17,,1,2,12,,ma_prev_final_long_fltr12_year_17_racecat_1_sexcat_2
"year 17, fltr1&2, racecat 1, sexcat all",MA_Prev_Final_long_fltr12_year_17_racecat_1_sexcat_all.csv,8663819,m,v,Prevalence,17,,1,.,12,,ma_prev_final_long_fltr12_year_17_racecat_1_sexcat_all
"year 17, fltr3&4, racecat 2",MA_Prev_Final_long_fltr34_year_17_racecat_2.csv,6512580,m,v,Prevalence,17,,2,,34,,ma_prev_final_long_fltr34_year_17_racecat_2
"year 17, fltr3&4, racecat 3",MA_Prev_Final_long_fltr34_year_17_racecat_3.csv,1526195,m,v,Prevalence,17,,3,,34,,ma_prev_final_long_fltr34_year_17_racecat_3
"year 17, fltr3&4, racecat 4",MA_Prev_Final_long_fltr34_year_17_racecat_4.csv,1521836,m,v,Prevalence,17,,4,,34,,ma_prev_final_long_fltr34_year_17_racecat_4
"year 17, fltr3&4, racecat 5",MA_Prev_Final_long_fltr34_year_17_racecat_5.csv,3856578,m,v,Prevalence,17,,5,,34,,ma_prev_final_long_fltr34_year_17_racecat_5
"year 17, fltr3&4, racecat 6",MA_Prev_Final_long_fltr34_year_17_racecat_6.csv,624589,m,v,Prevalence,17,,6,,34,,ma_prev_final_long_fltr34_year_17_racecat_6
"year 17, fltr3&4, racecat all, sexcat 1",MA_Prev_Final_long_fltr34_year_17_racecat_all_sexcat_1.csv,7212729,m,v,Prevalence,17,,.,1,34,,ma_prev_final_long_fltr34_year_17_racecat_all_sexcat_1
"year 17, fltr3&4, racecat all, sexcat 2",MA_Prev_Final_long_fltr34_year_17_racecat_all_sexcat_2.csv,7506871,m,v,Prevalence,17,,.,2,34,,ma_prev_final_long_fltr34_year_17_racecat_all_sexcat_2
"year 17, fltr3&4, racecat all, sexcat all",MA_Prev_Final_long_fltr34_year_17_racecat_all_sexcat_all.csv,8210127,m,v,Prevalence,17,,.,.,34,,ma_prev_final_long_fltr34_year_17_racecat_all_sexcat_all
"year 17, fltr3&4, racecat 1, sexcat 1",MA_Prev_Final_long_fltr34_year_17_racecat_1_sexcat_1.csv,6683911,m,v,Prevalence,17,,1,1,34,,ma_prev_final_long_fltr34_year_17_racecat_1_sexcat_1
"year 17, fltr3&4, racecat 1, sexcat 2",MA_Prev_Final_long_fltr34_year_17_racecat_1_sexcat_2.csv,7033413,m,v,Prevalence,17,,1,2,34,,ma_prev_final_long_fltr34_year_17_racecat_1_sexcat_2
"year 17, fltr3&4, racecat 1, sexcat all",MA_Prev_Final_long_fltr34_year_17_racecat_1_sexcat_all.csv,7726029,m,v,Prevalence,17,,1,.,34,,ma_prev_final_long_fltr34_year_17_racecat_1_sexcat_all
"year 18, fltr1&2, racecat 2",MA_Prev_Final_long_fltr12_year_18_racecat_2.csv,10895863,m,v,Prevalence,18,,2,,12,,ma_prev_final_long_fltr12_year_18_racecat_2
"year 18, fltr1&2, racecat 3",MA_Prev_Final_long_fltr12_year_18_racecat_3.csv,2688998,m,v,Prevalence,18,,3,,12,,ma_prev_final_long_fltr12_year_18_racecat_3
"year 18, fltr1&2, racecat 4",MA_Prev_Final_long_fltr12_year_18_racecat_4.csv,3534541,m,v,Prevalence,18,,4,,12,,ma_prev_final_long_fltr12_year_18_racecat_4
"year 18, fltr1&2, racecat 5",MA_Prev_Final_long_fltr12_year_18_racecat_5.csv,7536745,m,v,Prevalence,18,,5,,12,,ma_prev_final_long_fltr12_year_18_racecat_5
"year 18, fltr1&2, racecat 6",MA_Prev_Final_long_fltr12_year_18_racecat_6.csv,1354592,m,v,Prevalence,18,,6,,12,,ma_prev_final_long_fltr12_year_18_racecat_6
"year 18, fltr1&2, racecat all, sexcat 1",MA_Prev_Final_long_fltr12_year_18_racecat_all_sexcat_1.csv,8356582,m,v,Prevalence,18,,.,1,12,,ma_prev_final_long_fltr12_year_18_racecat_all_sexcat_1
"year 18, fltr1&2, racecat all, sexcat 2",MA_Prev_Final_long_fltr12_year_18_racecat_all_sexcat_2.csv,8733173,m,v,Prevalence,18,,.,2,12,,ma_prev_final_long_fltr12_year_18_racecat_all_sexcat_2
"year 18, fltr1&2, racecat all, sexcat all",MA_Prev_Final_long_fltr12_year_18_racecat_all_sexcat_all.csv,9508350,m,v,Prevalence,18,,.,.,12,,ma_prev_final_long_fltr12_year_18_racecat_all_sexcat_all
"year 18, fltr1&2, racecat 1, sexcat 1",MA_Prev_Final_long_fltr12_year_18_racecat_1_sexcat_1.csv,7639033,m,v,Prevalence,18,,1,1,12,,ma_prev_final_long_fltr12_year_18_racecat_1_sexcat_1
"year 18, fltr1&2, racecat 1, sexcat 2",MA_Prev_Final_long_fltr12_year_18_racecat_1_sexcat_2.csv,8053195,m,v,Prevalence,18,,1,2,12,,ma_prev_final_long_fltr12_year_18_racecat_1_sexcat_2
"year 18, fltr1&2, racecat 1, sexcat all",MA_Prev_Final_long_fltr12_year_18_racecat_1_sexcat_all.csv,8805923,m,v,Prevalence,18,,1,.,12,,ma_prev_final_long_fltr12_year_18_racecat_1_sexcat_all
"year 18, fltr3&4, racecat 2",MA_Prev_Final_long_fltr34_year_18_racecat_2.csv,6909890,m,v,Prevalence,18,,2,,34,,ma_prev_final_long_fltr34_year_18_racecat_2
"year 18, fltr3&4, racecat 3",MA_Prev_Final_long_fltr34_year_18_racecat_3.csv,1631229,m,v,Prevalence,18,,3,,34,,ma_prev_final_long_fltr34_year_18_racecat_3
"year 18, fltr3&4, racecat 4",MA_Prev_Final_long_fltr34_year_18_racecat_4.csv,1673394,m,v,Prevalence,18,,4,,34,,ma_prev_final_long_fltr34_year_18_racecat_4
"year 18, fltr3&4, racecat 5",MA_Prev_Final_long_fltr34_year_18_racecat_5.csv,4289478,m,v,Prevalence,18,,5,,34,,ma_prev_final_long_fltr34_year_18_racecat_5
"year 18, fltr3&4, racecat 6",MA_Prev_Final_long_fltr34_year_18_racecat_6.csv,682091,m,v,Prevalence,18,,6,,34,,ma_prev_final_long_fltr34_year_18_racecat_6
"year 18, fltr3&4, racecat all, sexcat 1",MA_Prev_Final_long_fltr34_year_18_racecat_all_sexcat_1.csv,7373540,m,v,Prevalence,18,,.,1,34,,ma_prev_final_long_fltr34_year_18_racecat_all_sexcat_1
"year 18, fltr3&4, racecat all, sexcat 2",MA_Prev_Final_long_fltr34_year_18_racecat_all_sexcat_2.csv,7659528,m,v,Prevalence,18,,.,2,34,,ma_prev_final_long_fltr34_year_18_racecat_all_sexcat_2
"year 18, fltr3&4, racecat all, sexcat all",MA_Prev_Final_long_fltr34_year_18_racecat_all_sexcat_all.csv,8361905,m,v,Prevalence,18,,.,.,34,,ma_prev_final_long_fltr34_year_18_racecat_all_sexcat_all
"year 18, fltr3&4, racecat 1, sexcat 1",MA_Prev_Final_long_fltr34_year_18_racecat_1_sexcat_1.csv,6835548,m,v,Prevalence,18,,1,1,34,,ma_prev_final_long_fltr34_year_18_racecat_1_sexcat_1
"year 18, fltr3&4, racecat 1, sexcat 2",MA_Prev_Final_long_fltr34_year_18_racecat_1_sexcat_2.csv,7166670,m,v,Prevalence,18,,1,2,34,,ma_prev_final_long_fltr34_year_18_racecat_1_sexcat_2
"year 18, fltr3&4, racecat 1, sexcat all",MA_Prev_Final_long_fltr34_year_18_racecat_1_sexcat_all.csv,7851804,m,v,Prevalence,18,,1,.,34,,ma_prev_final_long_fltr34_year_18_racecat_1_sexcat_all
"year 15, fltr1&2, racecat 2",MA_Hosp_Final_long_fltr12_year_15_racecat_2.csv,9024484,m,h,Hospitalization,15,,2,,12,,ma_hosp_final_long_fltr12_year_15_racecat_2
"year 15, fltr1&2, racecat 3",MA_Hosp_Final_long_fltr12_year_15_racecat_3.csv,2201347,m,h,Hospitalization,15,,3,,12,,ma_hosp_final_long_fltr12_year_15_racecat_3
"year 15, fltr1&2, racecat 4",MA_Hosp_Final_long_fltr12_year_15_racecat_4.csv,2768707,m,h,Hospitalization,15,,4,,12,,ma_hosp_final_long_fltr12_year_15_racecat_4
"year 15, fltr1&2, racecat 5",MA_Hosp_Final_long_fltr12_year_15_racecat_5.csv,5937688,m,h,Hospitalization,15,,5,,12,,ma_hosp_final_long_fltr12_year_15_racecat_5
"year 15, fltr1&2, racecat 6",MA_Hosp_Final_long_fltr12_year_15_racecat_6.csv,1022602,m,h,Hospitalization,15,,6,,12,,ma_hosp_final_long_fltr12_year_15_racecat_6
"year 15, fltr1&2, racecat all, sexcat 1",MA_Hosp_Final_long_fltr12_year_15_racecat_all_sexcat_1.csv,7436473,m,h,Hospitalization,15,,.,1,12,,ma_hosp_final_long_fltr12_year_15_racecat_all_sexcat_1
"year 15, fltr1&2, racecat all, sexcat 2",MA_Hosp_Final_long_fltr12_year_15_racecat_all_sexcat_2.csv,7808901,m,h,Hospitalization,15,,.,2,12,,ma_hosp_final_long_fltr12_year_15_racecat_all_sexcat_2
"year 15, fltr1&2, racecat all, sexcat all",MA_Hosp_Final_long_fltr12_year_15_racecat_all_sexcat_all.csv,8609648,m,h,Hospitalization,15,,.,.,12,,ma_hosp_final_long_fltr12_year_15_racecat_all_sexcat_all
"year 15, fltr1&2, racecat 1, sexcat 1",MA_Hosp_Final_long_fltr12_year_15_racecat_1_sexcat_1.csv,6771976,m,h,Hospitalization,15,,1,1,12,,ma_hosp_final_long_fltr12_year_15_racecat_1_sexcat_1
"year 15, fltr1&2, racecat 1, sexcat 2",MA_Hosp_Final_long_fltr12_year_15_racecat_1_sexcat_2.csv,7165555,m,h,Hospitalization,15,,1,2,12,,ma_hosp_final_long_fltr12_year_15_racecat_1_sexcat_2
"year 15, fltr1&2, racecat 1, sexcat all",MA_Hosp_Final_long_fltr12_year_15_racecat_1_sexcat_all.csv,7967133,m,h,Hospitalization,15,,1,.,12,,ma_hosp_final_long_fltr12_year_15_racecat_1_sexcat_all
"year 15, fltr3&4, racecat 2",MA_Hosp_Final_long_fltr34_year_15_racecat_2.csv,8534226,m,h,Hospitalization,15,,2,,34,,ma_hosp_final_long_fltr34_year_15_racecat_2
"year 15, fltr3&4, racecat 3",MA_Hosp_Final_long_fltr34_year_15_racecat_3.csv,1947583,m,h,Hospitalization,15,,3,,34,,ma_hosp_final_long_fltr34_year_15_racecat_3
"year 15, fltr3&4, racecat 4",MA_Hosp_Final_long_fltr34_year_15_racecat_4.csv,2417865,m,h,Hospitalization,15,,4,,34,,ma_hosp_final_long_fltr34_year_15_racecat_4
"year 15, fltr3&4, racecat 5",MA_Hosp_Final_long_fltr34_year_15_racecat_5.csv,5405755,m,h,Hospitalization,15,,5,,34,,ma_hosp_final_long_fltr34_year_15_racecat_5
"year 15, fltr3&4, racecat 6",MA_Hosp_Final_long_fltr34_year_15_racecat_6.csv,886264,m,h,Hospitalization,15,,6,,34,,ma_hosp_final_long_fltr34_year_15_racecat_6
"year 15, fltr3&4, racecat all, sexcat 1",MA_Hosp_Final_long_fltr34_year_15_racecat_all_sexcat_1.csv,7338414,m,h,Hospitalization,15,,.,1,34,,ma_hosp_final_long_fltr34_year_15_racecat_all_sexcat_1
"year 15, fltr3&4, racecat all, sexcat 2",MA_Hosp_Final_long_fltr34_year_15_racecat_all_sexcat_2.csv,7696534,m,h,Hospitalization,15,,.,2,34,,ma_hosp_final_long_fltr34_year_15_racecat_all_sexcat_2
"year 15, fltr3&4, racecat all, sexcat all",MA_Hosp_Final_long_fltr34_year_15_racecat_all_sexcat_all.csv,8506596,m,h,Hospitalization,15,,.,.,34,,ma_hosp_final_long_fltr34_year_15_racecat_all_sexcat_all
"year 15, fltr3&4, racecat 1, sexcat 1",MA_Hosp_Final_long_fltr34_year_15_racecat_1_sexcat_1.csv,6687581,m,h,Hospitalization,15,,1,1,34,,ma_hosp_final_long_fltr34_year_15_racecat_1_sexcat_1
"year 15, fltr3&4, racecat 1, sexcat 2",MA_Hosp_Final_long_fltr34_year_15_racecat_1_sexcat_2.csv,7069900,m,h,Hospitalization,15,,1,2,34,,ma_hosp_final_long_fltr34_year_15_racecat_1_sexcat_2
"year 15, fltr3&4, racecat 1, sexcat all",MA_Hosp_Final_long_fltr34_year_15_racecat_1_sexcat_all.csv,7881856,m,h,Hospitalization,15,,1,.,34,,ma_hosp_final_long_fltr34_year_15_racecat_1_sexcat_all
"year 16, fltr1&2, racecat 2",MA_Hosp_Final_long_fltr12_year_16_racecat_2.csv,9364637,m,h,Hospitalization,16,,2,,12,,ma_hosp_final_long_fltr12_year_16_racecat_2
"year 16, fltr1&2, racecat 3",MA_Hosp_Final_long_fltr12_year_16_racecat_3.csv,2275437,m,h,Hospitalization,16,,3,,12,,ma_hosp_final_long_fltr12_year_16_racecat_3
"year 16, fltr1&2, racecat 4",MA_Hosp_Final_long_fltr12_year_16_racecat_4.csv,2929456,m,h,Hospitalization,16,,4,,12,,ma_hosp_final_long_fltr12_year_16_racecat_4
"year 16, fltr1&2, racecat 5",MA_Hosp_Final_long_fltr12_year_16_racecat_5.csv,6224254,m,h,Hospitalization,16,,5,,12,,ma_hosp_final_long_fltr12_year_16_racecat_5
"year 16, fltr1&2, racecat 6",MA_Hosp_Final_long_fltr12_year_16_racecat_6.csv,1076536,m,h,Hospitalization,16,,6,,12,,ma_hosp_final_long_fltr12_year_16_racecat_6
"year 16, fltr1&2, racecat all, sexcat 1",MA_Hosp_Final_long_fltr12_year_16_racecat_all_sexcat_1.csv,7579012,m,h,Hospitalization,16,,.,1,12,,ma_hosp_final_long_fltr12_year_16_racecat_all_sexcat_1
"year 16, fltr1&2, racecat all, sexcat 2",MA_Hosp_Final_long_fltr12_year_16_racecat_all_sexcat_2.csv,7931051,m,h,Hospitalization,16,,.,2,12,,ma_hosp_final_long_fltr12_year_16_racecat_all_sexcat_2
"year 16, fltr1&2, racecat all, sexcat all",MA_Hosp_Final_long_fltr12_year_16_racecat_all_sexcat_all.csv,8722861,m,h,Hospitalization,16,,.,.,12,,ma_hosp_final_long_fltr12_year_16_racecat_all_sexcat_all
"year 16, fltr1&2, racecat 1, sexcat 1",MA_Hosp_Final_long_fltr12_year_16_racecat_1_sexcat_1.csv,6901444,m,h,Hospitalization,16,,1,1,12,,ma_hosp_final_long_fltr12_year_16_racecat_1_sexcat_1
"year 16, fltr1&2, racecat 1, sexcat 2",MA_Hosp_Final_long_fltr12_year_16_racecat_1_sexcat_2.csv,7288349,m,h,Hospitalization,16,,1,2,12,,ma_hosp_final_long_fltr12_year_16_racecat_1_sexcat_2
"year 16, fltr1&2, racecat 1, sexcat all",MA_Hosp_Final_long_fltr12_year_16_racecat_1_sexcat_all.csv,8066670,m,h,Hospitalization,16,,1,.,12,,ma_hosp_final_long_fltr12_year_16_racecat_1_sexcat_all
"year 16, fltr3&4, racecat 2",MA_Hosp_Final_long_fltr34_year_16_racecat_2.csv,8843358,m,h,Hospitalization,16,,2,,34,,ma_hosp_final_long_fltr34_year_16_racecat_2
"year 16, fltr3&4, racecat 3",MA_Hosp_Final_long_fltr34_year_16_racecat_3.csv,2016156,m,h,Hospitalization,16,,3,,34,,ma_hosp_final_long_fltr34_year_16_racecat_3
"year 16, fltr3&4, racecat 4",MA_Hosp_Final_long_fltr34_year_16_racecat_4.csv,2550709,m,h,Hospitalization,16,,4,,34,,ma_hosp_final_long_fltr34_year_16_racecat_4
"year 16, fltr3&4, racecat 5",MA_Hosp_Final_long_fltr34_year_16_racecat_5.csv,5676913,m,h,Hospitalization,16,,5,,34,,ma_hosp_final_long_fltr34_year_16_racecat_5
"year 16, fltr3&4, racecat 6",MA_Hosp_Final_long_fltr34_year_16_racecat_6.csv,928238,m,h,Hospitalization,16,,6,,34,,ma_hosp_final_long_fltr34_year_16_racecat_6
"year 16, fltr3&4, racecat all, sexcat 1",MA_Hosp_Final_long_fltr34_year_16_racecat_all_sexcat_1.csv,7461418,m,h,Hospitalization,16,,.,1,34,,ma_hosp_final_long_fltr34_year_16_racecat_all_sexcat_1
"year 16, fltr3&4, racecat all, sexcat 2",MA_Hosp_Final_long_fltr34_year_16_racecat_all_sexcat_2.csv,7804453,m,h,Hospitalization,16,,.,2,34,,ma_hosp_final_long_fltr34_year_16_racecat_all_sexcat_2
"year 16, fltr3&4, racecat all, sexcat all",MA_Hosp_Final_long_fltr34_year_16_racecat_all_sexcat_all.csv,8611197,m,h,Hospitalization,16,,.,.,34,,ma_hosp_final_long_fltr34_year_16_racecat_all_sexcat_all
"year 16, fltr3&4, racecat 1, sexcat 1",MA_Hosp_Final_long_fltr34_year_16_racecat_1_sexcat_1.csv,6804558,m,h,Hospitalization,16,,1,1,34,,ma_hosp_final_long_fltr34_year_16_racecat_1_sexcat_1
"year 16, fltr3&4, racecat 1, sexcat 2",MA_Hosp_Final_long_fltr34_year_16_racecat_1_sexcat_2.csv,7170100,m,h,Hospitalization,16,,1,2,34,,ma_hosp_final_long_fltr34_year_16_racecat_1_sexcat_2
"year 16, fltr3&4, racecat 1, sexcat all",MA_Hosp_Final_long_fltr34_year_16_racecat_1_sexcat_all.csv,7973601,m,h,Hospitalization,16,,1,.,34,,ma_hosp_final_long_fltr34_year_16_racecat_1_sexcat_all
"year 17, fltr1&2, racecat 2",MA_Hosp_Final_long_fltr12_year_17_racecat_2.csv,9748010,m,h,Hospitalization,17,,2,,12,,ma_hosp_final_long_fltr12_year_17_racecat_2
"year 17, fltr1&2, racecat 3",MA_Hosp_Final_long_fltr12_year_17_racecat_3.csv,2371415,m,h,Hospitalization,17,,3,,12,,ma_hosp_final_long_fltr12_year_17_racecat_3
"year 17, fltr1&2, racecat 4",MA_Hosp_Final_long_fltr12_year_17_racecat_4.csv,3102950,m,h,Hospitalization,17,,4,,12,,ma_hosp_final_long_fltr12_year_17_racecat_4
"year 17, fltr1&2, racecat 5",MA_Hosp_Final_long_fltr12_year_17_racecat_5.csv,6605582,m,h,Hospitalization,17,,5,,12,,ma_hosp_final_long_fltr12_year_17_racecat_5
"year 17, fltr1&2, racecat 6",MA_Hosp_Final_long_fltr12_year_17_racecat_6.csv,1163534,m,h,Hospitalization,17,,6,,12,,ma_hosp_final_long_fltr12_year_17_racecat_6
"year 17, fltr1&2, racecat all, sexcat 1",MA_Hosp_Final_long_fltr12_year_17_racecat_all_sexcat_1.csv,7728947,m,h,Hospitalization,17,,.,1,12,,ma_hosp_final_long_fltr12_year_17_racecat_all_sexcat_1
"year 17, fltr1&2, racecat all, sexcat 2",MA_Hosp_Final_long_fltr12_year_17_racecat_all_sexcat_2.csv,8075493,m,h,Hospitalization,17,,.,2,12,,ma_hosp_final_long_fltr12_year_17_racecat_all_sexcat_2
"year 17, fltr1&2, racecat all, sexcat all",MA_Hosp_Final_long_fltr12_year_17_racecat_all_sexcat_all.csv,8851412,m,h,Hospitalization,17,,.,.,12,,ma_hosp_final_long_fltr12_year_17_racecat_all_sexcat_all
"year 17, fltr1&2, racecat 1, sexcat 1",MA_Hosp_Final_long_fltr12_year_17_racecat_1_sexcat_1.csv,7048242,m,h,Hospitalization,17,,1,1,12,,ma_hosp_final_long_fltr12_year_17_racecat_1_sexcat_1
"year 17, fltr1&2, racecat 1, sexcat 2",MA_Hosp_Final_long_fltr12_year_17_racecat_1_sexcat_2.csv,7434547,m,h,Hospitalization,17,,1,2,12,,ma_hosp_final_long_fltr12_year_17_racecat_1_sexcat_2
"year 17, fltr1&2, racecat 1, sexcat all",MA_Hosp_Final_long_fltr12_year_17_racecat_1_sexcat_all.csv,8189706,m,h,Hospitalization,17,,1,.,12,,ma_hosp_final_long_fltr12_year_17_racecat_1_sexcat_all
"year 17, fltr3&4, racecat 2",MA_Hosp_Final_long_fltr34_year_17_racecat_2.csv,9219377,m,h,Hospitalization,17,,2,,34,,ma_hosp_final_long_fltr34_year_17_racecat_2
"year 17, fltr3&4, racecat 3",MA_Hosp_Final_long_fltr34_year_17_racecat_3.csv,2127919,m,h,Hospitalization,17,,3,,34,,ma_hosp_final_long_fltr34_year_17_racecat_3
"year 17, fltr3&4, racecat 4",MA_Hosp_Final_long_fltr34_year_17_racecat_4.csv,2701703,m,h,Hospitalization,17,,4,,34,,ma_hosp_final_long_fltr34_year_17_racecat_4
"year 17, fltr3&4, racecat 5",MA_Hosp_Final_long_fltr34_year_17_racecat_5.csv,6070520,m,h,Hospitalization,17,,5,,34,,ma_hosp_final_long_fltr34_year_17_racecat_5
"year 17, fltr3&4, racecat 6",MA_Hosp_Final_long_fltr34_year_17_racecat_6.csv,1012329,m,h,Hospitalization,17,,6,,34,,ma_hosp_final_long_fltr34_year_17_racecat_6
"year 17, fltr3&4, racecat all, sexcat 1",MA_Hosp_Final_long_fltr34_year_17_racecat_all_sexcat_1.csv,7626157,m,h,Hospitalization,17,,.,1,34,,ma_hosp_final_long_fltr34_year_17_racecat_all_sexcat_1
"year 17, fltr3&4, racecat all, sexcat 2",MA_Hosp_Final_long_fltr34_year_17_racecat_all_sexcat_2.csv,7948605,m,h,Hospitalization,17,,.,2,34,,ma_hosp_final_long_fltr34_year_17_racecat_all_sexcat_2
"year 17, fltr3&4, racecat all, sexcat all",MA_Hosp_Final_long_fltr34_year_17_racecat_all_sexcat_all.csv,8734572,m,h,Hospitalization,17,,.,.,34,,ma_hosp_final_long_fltr34_year_17_racecat_all_sexcat_all
"year 17, fltr3&4, racecat 1, sexcat 1",MA_Hosp_Final_long_fltr34_year_17_racecat_1_sexcat_1.csv,6955687,m,h,Hospitalization,17,,1,1,34,,ma_hosp_final_long_fltr34_year_17_racecat_1_sexcat_1
"year 17, fltr3&4, racecat 1, sexcat 2",MA_Hosp_Final_long_fltr34_year_17_racecat_1_sexcat_2.csv,7322006,m,h,Hospitalization,17,,1,2,34,,ma_hosp_final_long_fltr34_year_17_racecat_1_sexcat_2
"year 17, fltr3&4, racecat 1, sexcat all",MA_Hosp_Final_long_fltr34_year_17_racecat_1_sexcat_all.csv,8087515,m,h,Hospitalization,17,,1,.,34,,ma_hosp_final_long_fltr34_year_17_racecat_1_sexcat_all
"year 18, fltr1&2, racecat 2",MA_Hosp_Final_long_fltr12_year_18_racecat_2.csv,10168582,m,h,Hospitalization,18,,2,,12,,ma_hosp_final_long_18_ac
"year 18, fltr1&2, racecat 3",MA_Hosp_Final_long_fltr12_year_18_racecat_3.csv,2486769,m,h,Hospitalization,18,,3,,12,,ma_hosp_final_long_18_ac
"year 18, fltr1&2, racecat 4",MA_Hosp_Final_long_fltr12_year_18_racecat_4.csv,3291479,m,h,Hospitalization,18,,4,,12,,ma_hosp_final_long_18_ac
"year 18, fltr1&2, racecat 5",MA_Hosp_Final_long_fltr12_year_18_racecat_5.csv,7029347,m,h,Hospitalization,18,,5,,12,,ma_hosp_final_long_18_ac
"year 18, fltr1&2, racecat 6",MA_Hosp_Final_long_fltr12_year_18_racecat_6.csv,1246180,m,h,Hospitalization,18,,6,,12,,ma_hosp_final_long_18_ac
"year 18, fltr1&2, racecat all, sexcat 1",MA_Hosp_Final_long_fltr12_year_18_racecat_all_sexcat_1.csv,7881009,m,h,Hospitalization,18,,.,1,12,,ma_hosp_final_long_18_ac
"year 18, fltr1&2, racecat all, sexcat 2",MA_Hosp_Final_long_fltr12_year_18_racecat_all_sexcat_2.csv,8231873,m,h,Hospitalization,18,,.,2,12,,ma_hosp_final_long_18_ac
"year 18, fltr1&2, racecat all, sexcat all",MA_Hosp_Final_long_fltr12_year_18_racecat_all_sexcat_all.csv,9002550,m,h,Hospitalization,18,,.,.,12,,ma_hosp_final_long_18_ac
"year 18, fltr1&2, racecat 1, sexcat 1",MA_Hosp_Final_long_fltr12_year_18_racecat_1_sexcat_1.csv,7192765,m,h,Hospitalization,18,,1,1,12,,ma_hosp_final_long_18_ac
"year 18, fltr1&2, racecat 1, sexcat 2",MA_Hosp_Final_long_fltr12_year_18_racecat_1_sexcat_2.csv,7580864,m,h,Hospitalization,18,,1,2,12,,ma_hosp_final_long_18_ac
"year 18, fltr1&2, racecat 1, sexcat all",MA_Hosp_Final_long_fltr12_year_18_racecat_1_sexcat_all.csv,8325405,m,h,Hospitalization,18,,1,.,12,,ma_hosp_final_long_18_ac
"year 18, fltr3&4, racecat 2",MA_Hosp_Final_long_fltr34_year_18_racecat_2.csv,9636482,m,h,Hospitalization,18,,2,,34,,ma_hosp_final_long_18_ac
"year 18, fltr3&4, racecat 3",MA_Hosp_Final_long_fltr34_year_18_racecat_3.csv,2245331,m,h,Hospitalization,18,,3,,34,,ma_hosp_final_long_18_ac
"year 18, fltr3&4, racecat 4",MA_Hosp_Final_long_fltr34_year_18_racecat_4.csv,2886332,m,h,Hospitalization,18,,4,,34,,ma_hosp_final_long_18_ac
"year 18, fltr3&4, racecat 5",MA_Hosp_Final_long_fltr34_year_18_racecat_5.csv,6481986,m,h,Hospitalization,18,,5,,34,,ma_hosp_final_long_18_ac
"year 18, fltr3&4, racecat 6",MA_Hosp_Final_long_fltr34_year_18_racecat_6.csv,1088980,m,h,Hospitalization,18,,6,,34,,ma_hosp_final_long_18_ac
"year 18, fltr3&4, racecat all, sexcat 1",MA_Hosp_Final_long_fltr34_year_18_racecat_all_sexcat_1.csv,7782840,m,h,Hospitalization,18,,.,1,34,,ma_hosp_final_long_18_ac
"year 18, fltr3&4, racecat all, sexcat 2",MA_Hosp_Final_long_fltr34_year_18_racecat_all_sexcat_2.csv,8116201,m,h,Hospitalization,18,,.,2,34,,ma_hosp_final_long_18_ac
"year 18, fltr3&4, racecat all, sexcat all",MA_Hosp_Final_long_fltr34_year_18_racecat_all_sexcat_all.csv,8894624,m,h,Hospitalization,18,,.,.,34,,ma_hosp_final_long_18_ac
"year 18, fltr3&4, racecat 1, sexcat 1",MA_Hosp_Final_long_fltr34_year_18_racecat_1_sexcat_1.csv,7099509,m,h,Hospitalization,18,,1,1,34,,ma_hosp_final_long_18_ac
"year 18, fltr3&4, racecat 1, sexcat 2",MA_Hosp_Final_long_fltr34_year_18_racecat_1_sexcat_2.csv,7477616,m,h,Hospitalization,18,,1,2,34,,ma_hosp_final_long_18_ac
"year 18, fltr3&4, racecat 1, sexcat all",MA_Hosp_Final_long_fltr34_year_18_racecat_1_sexcat_all.csv,8229930,m,h,Hospitalization,18,,1,.,34,,ma_hosp_final_long_18_ac
"year 15, fltr1&2, racecat 2",MA_ED_Final_long_fltr12_year_15_racecat_2.csv,9090067,m,e,Emergency Room,15,,2,,12,,ma_ed_final_long_fltr12_year_15_racecat_2
"year 15, fltr1&2, racecat 3",MA_ED_Final_long_fltr12_year_15_racecat_3.csv,2221575,m,e,Emergency Room,15,,3,,12,,ma_ed_final_long_fltr12_year_15_racecat_3
"year 15, fltr1&2, racecat 4",MA_ED_Final_long_fltr12_year_15_racecat_4.csv,2788127,m,e,Emergency Room,15,,4,,12,,ma_ed_final_long_fltr12_year_15_racecat_4
"year 15, fltr1&2, racecat 5",MA_ED_Final_long_fltr12_year_15_racecat_5.csv,5979620,m,e,Emergency Room,15,,5,,12,,ma_ed_final_long_fltr12_year_15_racecat_5
"year 15, fltr1&2, racecat 6",MA_ED_Final_long_fltr12_year_15_racecat_6.csv,1033310,m,e,Emergency Room,15,,6,,12,,ma_ed_final_long_fltr12_year_15_racecat_6
"year 15, fltr1&2, racecat all, sexcat 1",MA_ED_Final_long_fltr12_year_15_racecat_all_sexcat_1.csv,7470969,m,e,Emergency Room,15,,.,1,12,,ma_ed_final_long_fltr12_year_15_racecat_all_sexcat_1
"year 15, fltr1&2, racecat all, sexcat 2",MA_ED_Final_long_fltr12_year_15_racecat_all_sexcat_2.csv,7844091,m,e,Emergency Room,15,,.,2,12,,ma_ed_final_long_fltr12_year_15_racecat_all_sexcat_2
"year 15, fltr1&2, racecat all, sexcat all",MA_ED_Final_long_fltr12_year_15_racecat_all_sexcat_all.csv,8641454,m,e,Emergency Room,15,,.,.,12,,ma_ed_final_long_fltr12_year_15_racecat_all_sexcat_all
"year 15, fltr1&2, racecat 1, dual 0",MA_ED_Final_long_fltr12_year_15_racecat_1_dual_0.csv,8307560,m,e,Emergency Room,15,,1,,12,0,ma_ed_final_long_fltr12_year_15_racecat_1_dual_0
"year 15, fltr1&2, racecat 1, dual 1",MA_ED_Final_long_fltr12_year_15_racecat_1_dual_1.csv,5165785,m,e,Emergency Room,15,,1,,12,1,ma_ed_final_long_fltr12_year_15_racecat_1_dual_1
"year 15, fltr1&2, racecat 1, dual all",MA_ED_Final_long_fltr12_year_15_racecat_1_dual_all.csv,8531557,m,e,Emergency Room,15,,1,,12,.,ma_ed_final_long_fltr12_year_15_racecat_1_dual_all
"year 15, fltr3&4, racecat 2",MA_ED_Final_long_fltr34_year_15_racecat_2.csv,8711856,m,e,Emergency Room,15,,2,,34,,ma_ed_final_long_fltr34_year_15_racecat_2
"year 15, fltr3&4, racecat 3",MA_ED_Final_long_fltr34_year_15_racecat_3.csv,2090402,m,e,Emergency Room,15,,3,,34,,ma_ed_final_long_fltr34_year_15_racecat_3
"year 15, fltr3&4, racecat 4",MA_ED_Final_long_fltr34_year_15_racecat_4.csv,2572643,m,e,Emergency Room,15,,4,,34,,ma_ed_final_long_fltr34_year_15_racecat_4
"year 15, fltr3&4, racecat 5",MA_ED_Final_long_fltr34_year_15_racecat_5.csv,5603322,m,e,Emergency Room,15,,5,,34,,ma_ed_final_long_fltr34_year_15_racecat_5
"year 15, fltr3&4, racecat 6",MA_ED_Final_long_fltr34_year_15_racecat_6.csv,946574,m,e,Emergency Room,15,,6,,34,,ma_ed_final_long_fltr34_year_15_racecat_6
"year 15, fltr3&4, racecat all, sexcat 1",MA_ED_Final_long_fltr34_year_15_racecat_all_sexcat_1.csv,7474098,m,e,Emergency Room,15,,.,1,34,,ma_ed_final_long_fltr34_year_15_racecat_all_sexcat_1
"year 15, fltr3&4, racecat all, sexcat 2",MA_ED_Final_long_fltr34_year_15_racecat_all_sexcat_2.csv,7839072,m,e,Emergency Room,15,,.,2,34,,ma_ed_final_long_fltr34_year_15_racecat_all_sexcat_2
"year 15, fltr3&4, racecat all, sexcat all",MA_ED_Final_long_fltr34_year_15_racecat_all_sexcat_all.csv,8629518,m,e,Emergency Room,15,,.,.,34,,ma_ed_final_long_fltr34_year_15_racecat_all_sexcat_all
"year 15, fltr3&4, racecat 1, dual 0",MA_ED_Final_long_fltr34_year_15_racecat_1_dual_0.csv,8279555,m,e,Emergency Room,15,,1,,34,0,ma_ed_final_long_fltr34_year_15_racecat_1_dual_0
"year 15, fltr3&4, racecat 1, dual 1",MA_ED_Final_long_fltr34_year_15_racecat_1_dual_1.csv,5226672,m,e,Emergency Room,15,,1,,34,1,ma_ed_final_long_fltr34_year_15_racecat_1_dual_1
"year 15, fltr3&4, racecat 1, dual all",MA_ED_Final_long_fltr34_year_15_racecat_1_dual_all.csv,8514814,m,e,Emergency Room,15,,1,,34,.,ma_ed_final_long_fltr34_year_15_racecat_1_dual_all
"year 16, fltr1&2, racecat 2",MA_ED_Final_long_fltr12_year_16_racecat_2.csv,9433756,m,e,Emergency Room,16,,2,,12,,ma_ed_final_long_fltr12_year_16_racecat_2
"year 16, fltr1&2, racecat 3",MA_ED_Final_long_fltr12_year_16_racecat_3.csv,2296006,m,e,Emergency Room,16,,3,,12,,ma_ed_final_long_fltr12_year_16_racecat_3
"year 16, fltr1&2, racecat 4",MA_ED_Final_long_fltr12_year_16_racecat_4.csv,2950205,m,e,Emergency Room,16,,4,,12,,ma_ed_final_long_fltr12_year_16_racecat_4
"year 16, fltr1&2, racecat 5",MA_ED_Final_long_fltr12_year_16_racecat_5.csv,6269031,m,e,Emergency Room,16,,5,,12,,ma_ed_final_long_fltr12_year_16_racecat_5
"year 16, fltr1&2, racecat 6",MA_ED_Final_long_fltr12_year_16_racecat_6.csv,1087770,m,e,Emergency Room,16,,6,,12,,ma_ed_final_long_fltr12_year_16_racecat_6
"year 16, fltr1&2, racecat all, sexcat 1",MA_ED_Final_long_fltr12_year_16_racecat_all_sexcat_1.csv,7614624,m,e,Emergency Room,16,,.,1,12,,ma_ed_final_long_fltr12_year_16_racecat_all_sexcat_1
"year 16, fltr1&2, racecat all, sexcat 2",MA_ED_Final_long_fltr12_year_16_racecat_all_sexcat_2.csv,7967610,m,e,Emergency Room,16,,.,2,12,,ma_ed_final_long_fltr12_year_16_racecat_all_sexcat_2
"year 16, fltr1&2, racecat all, sexcat all",MA_ED_Final_long_fltr12_year_16_racecat_all_sexcat_all.csv,8755644,m,e,Emergency Room,16,,.,.,12,,ma_ed_final_long_fltr12_year_16_racecat_all_sexcat_all
"year 16, fltr1&2, racecat 1, dual 0",MA_ED_Final_long_fltr12_year_16_racecat_1_dual_0.csv,8388317,m,e,Emergency Room,16,,1,,12,0,ma_ed_final_long_fltr12_year_16_racecat_1_dual_0
"year 16, fltr1&2, racecat 1, dual 1",MA_ED_Final_long_fltr12_year_16_racecat_1_dual_1.csv,5355793,m,e,Emergency Room,16,,1,,12,1,ma_ed_final_long_fltr12_year_16_racecat_1_dual_1
"year 16, fltr1&2, racecat 1, dual all",MA_ED_Final_long_fltr12_year_16_racecat_1_dual_all.csv,8615929,m,e,Emergency Room,16,,1,,12,.,ma_ed_final_long_fltr12_year_16_racecat_1_dual_all
"year 16, fltr3&4, racecat 2",MA_ED_Final_long_fltr34_year_16_racecat_2.csv,9020879,m,e,Emergency Room,16,,2,,34,,ma_ed_final_long_fltr34_year_16_racecat_2
"year 16, fltr3&4, racecat 3",MA_ED_Final_long_fltr34_year_16_racecat_3.csv,2172547,m,e,Emergency Room,16,,3,,34,,ma_ed_final_long_fltr34_year_16_racecat_3
"year 16, fltr3&4, racecat 4",MA_ED_Final_long_fltr34_year_16_racecat_4.csv,2716043,m,e,Emergency Room,16,,4,,34,,ma_ed_final_long_fltr34_year_16_racecat_4
"year 16, fltr3&4, racecat 5",MA_ED_Final_long_fltr34_year_16_racecat_5.csv,5883588,m,e,Emergency Room,16,,5,,34,,ma_ed_final_long_fltr34_year_16_racecat_5
"year 16, fltr3&4, racecat 6",MA_ED_Final_long_fltr34_year_16_racecat_6.csv,996331,m,e,Emergency Room,16,,6,,34,,ma_ed_final_long_fltr34_year_16_racecat_6
"year 16, fltr3&4, racecat all, sexcat 1",MA_ED_Final_long_fltr34_year_16_racecat_all_sexcat_1.csv,7609462,m,e,Emergency Room,16,,.,1,34,,ma_ed_final_long_fltr34_year_16_racecat_all_sexcat_1
"year 16, fltr3&4, racecat all, sexcat 2",MA_ED_Final_long_fltr34_year_16_racecat_all_sexcat_2.csv,7948898,m,e,Emergency Room,16,,.,2,34,,ma_ed_final_long_fltr34_year_16_racecat_all_sexcat_2
"year 16, fltr3&4, racecat all, sexcat all",MA_ED_Final_long_fltr34_year_16_racecat_all_sexcat_all.csv,8739390,m,e,Emergency Room,16,,.,.,34,,ma_ed_final_long_fltr34_year_16_racecat_all_sexcat_all
"year 16, fltr3&4, racecat 1, dual 0",MA_ED_Final_long_fltr34_year_16_racecat_1_dual_0.csv,8353059,m,e,Emergency Room,16,,1,,34,0,ma_ed_final_long_fltr34_year_16_racecat_1_dual_0
"year 16, fltr3&4, racecat 1, dual 1",MA_ED_Final_long_fltr34_year_16_racecat_1_dual_1.csv,5412885,m,e,Emergency Room,16,,1,,34,1,ma_ed_final_long_fltr34_year_16_racecat_1_dual_1
"year 16, fltr3&4, racecat 1, dual all",MA_ED_Final_long_fltr34_year_16_racecat_1_dual_all.csv,8592392,m,e,Emergency Room,16,,1,,34,.,ma_ed_final_long_fltr34_year_16_racecat_1_dual_all
"year 17, fltr1&2, racecat 2",MA_ED_Final_long_fltr12_year_17_racecat_2.csv,9819111,m,e,Emergency Room,17,,2,,12,,ma_ed_final_long_fltr12_year_17_racecat_2
"year 17, fltr1&2, racecat 3",MA_ED_Final_long_fltr12_year_17_racecat_3.csv,2392521,m,e,Emergency Room,17,,3,,12,,ma_ed_final_long_fltr12_year_17_racecat_3
"year 17, fltr1&2, racecat 4",MA_ED_Final_long_fltr12_year_17_racecat_4.csv,3124912,m,e,Emergency Room,17,,4,,12,,ma_ed_final_long_fltr12_year_17_racecat_4
"year 17, fltr1&2, racecat 5",MA_ED_Final_long_fltr12_year_17_racecat_5.csv,6652898,m,e,Emergency Room,17,,5,,12,,ma_ed_final_long_fltr12_year_17_racecat_5
"year 17, fltr1&2, racecat 6",MA_ED_Final_long_fltr12_year_17_racecat_6.csv,1175706,m,e,Emergency Room,17,,6,,12,,ma_ed_final_long_fltr12_year_17_racecat_6
"year 17, fltr1&2, racecat all, sexcat 1",MA_ED_Final_long_fltr12_year_17_racecat_all_sexcat_1.csv,7764827,m,e,Emergency Room,17,,.,1,12,,ma_ed_final_long_fltr12_year_17_racecat_all_sexcat_1
"year 17, fltr1&2, racecat all, sexcat 2",MA_ED_Final_long_fltr12_year_17_racecat_all_sexcat_2.csv,8112262,m,e,Emergency Room,17,,.,2,12,,ma_ed_final_long_fltr12_year_17_racecat_all_sexcat_2
"year 17, fltr1&2, racecat all, sexcat all",MA_ED_Final_long_fltr12_year_17_racecat_all_sexcat_all.csv,8884269,m,e,Emergency Room,17,,.,.,12,,ma_ed_final_long_fltr12_year_17_racecat_all_sexcat_all
"year 17, fltr1&2, racecat 1, dual 0",MA_ED_Final_long_fltr12_year_17_racecat_1_dual_0.csv,8501248,m,e,Emergency Room,17,,1,,12,0,ma_ed_final_long_fltr12_year_17_racecat_1_dual_0
"year 17, fltr1&2, racecat 1, dual 1",MA_ED_Final_long_fltr12_year_17_racecat_1_dual_1.csv,5552900,m,e,Emergency Room,17,,1,,12,1,ma_ed_final_long_fltr12_year_17_racecat_1_dual_1
"year 17, fltr1&2, racecat 1, dual all",MA_ED_Final_long_fltr12_year_17_racecat_1_dual_all.csv,8723073,m,e,Emergency Room,17,,1,,12,.,ma_ed_final_long_fltr12_year_17_racecat_1_dual_all
"year 17, fltr3&4, racecat 2",MA_ED_Final_long_fltr34_year_17_racecat_2.csv,9389003,m,e,Emergency Room,17,,2,,34,,ma_ed_final_long_fltr34_year_17_racecat_2
"year 17, fltr3&4, racecat 3",MA_ED_Final_long_fltr34_year_17_racecat_3.csv,2275706,m,e,Emergency Room,17,,3,,34,,ma_ed_final_long_fltr34_year_17_racecat_3
"year 17, fltr3&4, racecat 4",MA_ED_Final_long_fltr34_year_17_racecat_4.csv,2875293,m,e,Emergency Room,17,,4,,34,,ma_ed_final_long_fltr34_year_17_racecat_4
"year 17, fltr3&4, racecat 5",MA_ED_Final_long_fltr34_year_17_racecat_5.csv,6285832,m,e,Emergency Room,17,,5,,34,,ma_ed_final_long_fltr34_year_17_racecat_5
"year 17, fltr3&4, racecat 6",MA_ED_Final_long_fltr34_year_17_racecat_6.csv,1081504,m,e,Emergency Room,17,,6,,34,,ma_ed_final_long_fltr34_year_17_racecat_6
"year 17, fltr3&4, racecat all, sexcat 1",MA_ED_Final_long_fltr34_year_17_racecat_all_sexcat_1.csv,7755579,m,e,Emergency Room,17,,.,1,34,,ma_ed_final_long_fltr34_year_17_racecat_all_sexcat_1
"year 17, fltr3&4, racecat all, sexcat 2",MA_ED_Final_long_fltr34_year_17_racecat_all_sexcat_2.csv,8091135,m,e,Emergency Room,17,,.,2,34,,ma_ed_final_long_fltr34_year_17_racecat_all_sexcat_2
"year 17, fltr3&4, racecat all, sexcat all",MA_ED_Final_long_fltr34_year_17_racecat_all_sexcat_all.csv,8861179,m,e,Emergency Room,17,,.,.,34,,ma_ed_final_long_fltr34_year_17_racecat_all_sexcat_all
"year 17, fltr3&4, racecat 1, dual 0",MA_ED_Final_long_fltr34_year_17_racecat_1_dual_0.csv,8460093,m,e,Emergency Room,17,,1,,34,0,ma_ed_final_long_fltr34_year_17_racecat_1_dual_0
"year 17, fltr3&4, racecat 1, dual 1",MA_ED_Final_long_fltr34_year_17_racecat_1_dual_1.csv,5605128,m,e,Emergency Room,17,,1,,34,1,ma_ed_final_long_fltr34_year_17_racecat_1_dual_1
"year 17, fltr3&4, racecat 1, dual all",MA_ED_Final_long_fltr34_year_17_racecat_1_dual_all.csv,8691979,m,e,Emergency Room,17,,1,,34,.,ma_ed_final_long_fltr34_year_17_racecat_1_dual_all
"year 18, fltr1&2, racecat 2",MA_ED_Final_long_fltr12_year_18_racecat_2.csv,10241949,m,e,Emergency Room,18,,2,,12,,ma_ed_final_long_fltr12_year_18_racecat_2
"year 18, fltr1&2, racecat 3",MA_ED_Final_long_fltr12_year_18_racecat_3.csv,2508897,m,e,Emergency Room,18,,3,,12,,ma_ed_final_long_fltr12_year_18_racecat_3
"year 18, fltr1&2, racecat 4",MA_ED_Final_long_fltr12_year_18_racecat_4.csv,3314739,m,e,Emergency Room,18,,4,,12,,ma_ed_final_long_fltr12_year_18_racecat_4
"year 18, fltr1&2, racecat 5",MA_ED_Final_long_fltr12_year_18_racecat_5.csv,7080023,m,e,Emergency Room,18,,5,,12,,ma_ed_final_long_fltr12_year_18_racecat_5
"year 18, fltr1&2, racecat 6",MA_ED_Final_long_fltr12_year_18_racecat_6.csv,1259250,m,e,Emergency Room,18,,6,,12,,ma_ed_final_long_fltr12_year_18_racecat_6
"year 18, fltr1&2, racecat all, sexcat 1",MA_ED_Final_long_fltr12_year_18_racecat_all_sexcat_1.csv,7916825,m,e,Emergency Room,18,,.,1,12,,ma_ed_final_long_fltr12_year_18_racecat_all_sexcat_1
"year 18, fltr1&2, racecat all, sexcat 2",MA_ED_Final_long_fltr12_year_18_racecat_all_sexcat_2.csv,8269064,m,e,Emergency Room,18,,.,2,12,,ma_ed_final_long_fltr12_year_18_racecat_all_sexcat_2
"year 18, fltr1&2, racecat all, sexcat all",MA_ED_Final_long_fltr12_year_18_racecat_all_sexcat_all.csv,9035627,m,e,Emergency Room,18,,.,.,12,,ma_ed_final_long_fltr12_year_18_racecat_all_sexcat_all
"year 18, fltr1&2, racecat 1, dual 0",MA_ED_Final_long_fltr12_year_18_racecat_1_dual_0.csv,8589764,m,e,Emergency Room,18,,1,,12,0,ma_ed_final_long_fltr12_year_18_racecat_1_dual_0
"year 18, fltr1&2, racecat 1, dual 1",MA_ED_Final_long_fltr12_year_18_racecat_1_dual_1.csv,5797970,m,e,Emergency Room,18,,1,,12,1,ma_ed_final_long_fltr12_year_18_racecat_1_dual_1
"year 18, fltr1&2, racecat 1, dual all",MA_ED_Final_long_fltr12_year_18_racecat_1_dual_all.csv,8816630,m,e,Emergency Room,18,,1,,12,.,ma_ed_final_long_fltr12_year_18_racecat_1_dual_all
"year 18, fltr3&4, racecat 2",MA_ED_Final_long_fltr34_year_18_racecat_2.csv,9805523,m,e,Emergency Room,18,,2,,34,,ma_ed_final_long_fltr34_year_18_racecat_2
"year 18, fltr3&4, racecat 3",MA_ED_Final_long_fltr34_year_18_racecat_3.csv,2400277,m,e,Emergency Room,18,,3,,34,,ma_ed_final_long_fltr34_year_18_racecat_3
"year 18, fltr3&4, racecat 4",MA_ED_Final_long_fltr34_year_18_racecat_4.csv,3063842,m,e,Emergency Room,18,,4,,34,,ma_ed_final_long_fltr34_year_18_racecat_4
"year 18, fltr3&4, racecat 5",MA_ED_Final_long_fltr34_year_18_racecat_5.csv,6723244,m,e,Emergency Room,18,,5,,34,,ma_ed_final_long_fltr34_year_18_racecat_5
"year 18, fltr3&4, racecat 6",MA_ED_Final_long_fltr34_year_18_racecat_6.csv,1163909,m,e,Emergency Room,18,,6,,34,,ma_ed_final_long_fltr34_year_18_racecat_6
"year 18, fltr3&4, racecat all, sexcat 1",MA_ED_Final_long_fltr34_year_18_racecat_all_sexcat_1.csv,7906563,m,e,Emergency Room,18,,.,1,34,,ma_ed_final_long_fltr34_year_18_racecat_all_sexcat_1
"year 18, fltr3&4, racecat all, sexcat 2",MA_ED_Final_long_fltr34_year_18_racecat_all_sexcat_2.csv,8251836,m,e,Emergency Room,18,,.,2,34,,ma_ed_final_long_fltr34_year_18_racecat_all_sexcat_2
"year 18, fltr3&4, racecat all, sexcat all",MA_ED_Final_long_fltr34_year_18_racecat_all_sexcat_all.csv,9009633,m,e,Emergency Room,18,,.,.,34,,ma_ed_final_long_fltr34_year_18_racecat_all_sexcat_all
"year 18, fltr3&4, racecat 1, dual 0",MA_ED_Final_long_fltr34_year_18_racecat_1_dual_0.csv,8551495,m,e,Emergency Room,18,,1,,34,0,ma_ed_final_long_fltr34_year_18_racecat_1_dual_0
"year 18, fltr3&4, racecat 1, dual 1",MA_ED_Final_long_fltr34_year_18_racecat_1_dual_1.csv,5848738,m,e,Emergency Room,18,,1,,34,1,ma_ed_final_long_fltr34_year_18_racecat_1_dual_1
"year 18, fltr3&4, racecat 1, dual all",MA_ED_Final_long_fltr34_year_18_racecat_1_dual_all.csv,8789760,m,e,Emergency Room,18,,1,,34,.,ma_ed_final_long_fltr34_year_18_racecat_1_dual_all
"year 15, eligcat 2",MA_Precare_Final_long_year_15_eligcat_2.csv,209499,m,c,Preventive Care,15,2,,,,,ma_precare_final_long_year_15_eligcat_2
"year 15, eligcat 3",MA_Precare_Final_long_year_15_eligcat_3.csv,404247,m,c,Preventive Care,15,3,,,,,ma_precare_final_long_year_15_eligcat_3
"year 15, eligcat all , dual 0",MA_Precare_Final_long_year_15_eligcat_all_dual_0.csv,6454008,m,c,Preventive Care,15,.,,,,0,ma_precare_final_long_year_15_eligcat_all_dual_0
"year 15, eligcat all , dual 1",MA_Precare_Final_long_year_15_eligcat_all_dual_1.csv,4175150,m,c,Preventive Care,15,.,,,,1,ma_precare_final_long_year_15_eligcat_all_dual_1
"year 15, eligcat all , dual all",MA_Precare_Final_long_year_15_eligcat_all_dual_all.csv,6782688,m,c,Preventive Care,15,.,,,,.,ma_precare_final_long_year_15_eligcat_all_dual_all
"year 15, eligcat 0, dual 0",MA_Precare_Final_long_year_15_eligcat_0_dual_0.csv,5334112,m,c,Preventive Care,15,0,,,,0,ma_precare_final_long_year_15_eligcat_0_dual_0
"year 15, eligcat 0, dual 1",MA_Precare_Final_long_year_15_eligcat_0_dual_1.csv,2929395,m,c,Preventive Care,15,0,,,,1,ma_precare_final_long_year_15_eligcat_0_dual_1
"year 15, eligcat 0, dual all",MA_Precare_Final_long_year_15_eligcat_0_dual_all.csv,5515569,m,c,Preventive Care,15,0,,,,.,ma_precare_final_long_year_15_eligcat_0_dual_all
"year 15, eligcat 1, dual 0",MA_Precare_Final_long_year_15_eligcat_1_dual_0.csv,4267201,m,c,Preventive Care,15,1,,,,0,ma_precare_final_long_year_15_eligcat_1_dual_0
"year 15, eligcat 1, dual 1",MA_Precare_Final_long_year_15_eligcat_1_dual_1.csv,3009139,m,c,Preventive Care,15,1,,,,1,ma_precare_final_long_year_15_eligcat_1_dual_1
"year 15, eligcat 1, dual all",MA_Precare_Final_long_year_15_eligcat_1_dual_all.csv,4720873,m,c,Preventive Care,15,1,,,,.,ma_precare_final_long_year_15_eligcat_1_dual_all
"year 16, eligcat 2",MA_Precare_Final_long_year_16_eligcat_2.csv,235623,m,c,Preventive Care,16,2,,,,,ma_precare_final_long_year_16_eligcat_2
"year 16, eligcat 3",MA_Precare_Final_long_year_16_eligcat_3.csv,414046,m,c,Preventive Care,16,3,,,,,ma_precare_final_long_year_16_eligcat_3
"year 16, eligcat all , dual 0",MA_Precare_Final_long_year_16_eligcat_all_dual_0.csv,6566629,m,c,Preventive Care,16,.,,,,0,ma_precare_final_long_year_16_eligcat_all_dual_0
"year 16, eligcat all , dual 1",MA_Precare_Final_long_year_16_eligcat_all_dual_1.csv,4356968,m,c,Preventive Care,16,.,,,,1,ma_precare_final_long_year_16_eligcat_all_dual_1
"year 16, eligcat all , dual all",MA_Precare_Final_long_year_16_eligcat_all_dual_all.csv,6920087,m,c,Preventive Care,16,.,,,,.,ma_precare_final_long_year_16_eligcat_all_dual_all
"year 16, eligcat 0, dual 0",MA_Precare_Final_long_year_16_eligcat_0_dual_0.csv,5436101,m,c,Preventive Care,16,0,,,,0,ma_precare_final_long_year_16_eligcat_0_dual_0
"year 16, eligcat 0, dual 1",MA_Precare_Final_long_year_16_eligcat_0_dual_1.csv,3052978,m,c,Preventive Care,16,0,,,,1,ma_precare_final_long_year_16_eligcat_0_dual_1
"year 16, eligcat 0, dual all",MA_Precare_Final_long_year_16_eligcat_0_dual_all.csv,5624132,m,c,Preventive Care,16,0,,,,.,ma_precare_final_long_year_16_eligcat_0_dual_all
"year 16, eligcat 1, dual 0",MA_Precare_Final_long_year_16_eligcat_1_dual_0.csv,4384925,m,c,Preventive Care,16,1,,,,0,ma_precare_final_long_year_16_eligcat_1_dual_0
"year 16, eligcat 1, dual 1",MA_Precare_Final_long_year_16_eligcat_1_dual_1.csv,3182511,m,c,Preventive Care,16,1,,,,1,ma_precare_final_long_year_16_eligcat_1_dual_1
"year 16, eligcat 1, dual all",MA_Precare_Final_long_year_16_eligcat_1_dual_all.csv,4867988,m,c,Preventive Care,16,1,,,,.,ma_precare_final_long_year_16_eligcat_1_dual_all
"year 17, eligcat 2",MA_Precare_Final_long_year_17_eligcat_2.csv,266090,m,c,Preventive Care,17,2,,,,,ma_precare_final_long_year_17_eligcat_2
"year 17, eligcat 3",MA_Precare_Final_long_year_17_eligcat_3.csv,438097,m,c,Preventive Care,17,3,,,,,ma_precare_final_long_year_17_eligcat_3
"year 17, eligcat all , dual 0",MA_Precare_Final_long_year_17_eligcat_all_dual_0.csv,6712728,m,c,Preventive Care,17,.,,,,0,ma_precare_final_long_year_17_eligcat_all_dual_0
"year 17, eligcat all , dual 1",MA_Precare_Final_long_year_17_eligcat_all_dual_1.csv,4539847,m,c,Preventive Care,17,.,,,,1,ma_precare_final_long_year_17_eligcat_all_dual_1
"year 17, eligcat all , dual all",MA_Precare_Final_long_year_17_eligcat_all_dual_all.csv,7087929,m,c,Preventive Care,17,.,,,,.,ma_precare_final_long_year_17_eligcat_all_dual_all
"year 17, eligcat 0, dual 0",MA_Precare_Final_long_year_17_eligcat_0_dual_0.csv,5554346,m,c,Preventive Care,17,0,,,,0,ma_precare_final_long_year_17_eligcat_0_dual_0
"year 17, eligcat 0, dual 1",MA_Precare_Final_long_year_17_eligcat_0_dual_1.csv,3187128,m,c,Preventive Care,17,0,,,,1,ma_precare_final_long_year_17_eligcat_0_dual_1
"year 17, eligcat 0, dual all",MA_Precare_Final_long_year_17_eligcat_0_dual_all.csv,5755980,m,c,Preventive Care,17,0,,,,.,ma_precare_final_long_year_17_eligcat_0_dual_all
"year 17, eligcat 1, dual 0",MA_Precare_Final_long_year_17_eligcat_1_dual_0.csv,4527569,m,c,Preventive Care,17,1,,,,0,ma_precare_final_long_year_17_eligcat_1_dual_0
"year 17, eligcat 1, dual 1",MA_Precare_Final_long_year_17_eligcat_1_dual_1.csv,3349437,m,c,Preventive Care,17,1,,,,1,ma_precare_final_long_year_17_eligcat_1_dual_1
"year 17, eligcat 1, dual all",MA_Precare_Final_long_year_17_eligcat_1_dual_all.csv,5025771,m,c,Preventive Care,17,1,,,,.,ma_precare_final_long_year_17_eligcat_1_dual_all
"year 18, eligcat 2",MA_Precare_Final_long_year_18_eligcat_2.csv,310573,m,c,Preventive Care,18,2,,,,,ma_precare_final_long_year_18_eligcat_2
"year 18, eligcat 3",MA_Precare_Final_long_year_18_eligcat_3.csv,456738,m,c,Preventive Care,18,3,,,,,ma_precare_final_long_year_18_eligcat_3
"year 18, eligcat all , dual 0",MA_Precare_Final_long_year_18_eligcat_all_dual_0.csv,6856167,m,c,Preventive Care,18,.,,,,0,ma_precare_final_long_year_18_eligcat_all_dual_0
"year 18, eligcat all , dual 1",MA_Precare_Final_long_year_18_eligcat_all_dual_1.csv,4751681,m,c,Preventive Care,18,.,,,,1,ma_precare_final_long_year_18_eligcat_all_dual_1
"year 18, eligcat all , dual all",MA_Precare_Final_long_year_18_eligcat_all_dual_all.csv,7241922,m,c,Preventive Care,18,.,,,,.,ma_precare_final_long_year_18_eligcat_all_dual_all
"year 18, eligcat 0, dual 0",MA_Precare_Final_long_year_18_eligcat_0_dual_0.csv,5677422,m,c,Preventive Care,18,0,,,,0,ma_precare_final_long_year_18_eligcat_0_dual_0
"year 18, eligcat 0, dual 1",MA_Precare_Final_long_year_18_eligcat_0_dual_1.csv,3358648,m,c,Preventive Care,18,0,,,,1,ma_precare_final_long_year_18_eligcat_0_dual_1
"year 18, eligcat 0, dual all",MA_Precare_Final_long_year_18_eligcat_0_dual_all.csv,"5,868,35",m,c,Preventive Care,18,0,,,,.,ma_precare_final_long_year_18_eligcat_0_dual_all
"year 18, eligcat 1, dual 0",MA_Precare_Final_long_year_18_eligcat_1_dual_0.csv,4663703,m,c,Preventive Care,18,1,,,,0,ma_precare_final_long_year_18_eligcat_1_dual_0
"year 18, eligcat 1, dual 1",MA_Precare_Final_long_year_18_eligcat_1_dual_1.csv,3571606,m,c,Preventive Care,18,1,,,,1,ma_precare_final_long_year_18_eligcat_1_dual_1
"year 18, eligcat 1, dual all",MA_Precare_Final_long_year_18_eligcat_1_dual_all.csv,5188174,m,c,Preventive Care,18,1,,,,.,ma_precare_final_long_year_18_eligcat_1_dual_all
year 15,MA_PQI_Final_long_year_15.csv,9585954,m,q,PQI ,15,,,,,,ma_pqi_final_long_year_15
year 16,MA_PQI_Final_long_year_16.csv,9813537,m,q,PQI ,16,,,,,,ma_pqi_final_long_year_16
year 17,MA_PQI_Final_long_year_17.csv,10103213,m,q,PQI ,17,,,,,,ma_pqi_final_long_year_17
year 18,MA_PQI_Final_long_year_18.csv,10367598,m,q,PQI ,18,,,,,,ma_pqi_final_long_year_18
year 15,MA_Readmission_Final_long_15.csv,716736,m,r,Readmission ,15,,,,,,ma_readmission_final_long_15
year 16,MA_Readmission_Final_long_16.csv,739428,m,r,Readmission ,16,,,,,,ma_readmission_final_long_16
year 17,MA_Readmission_Final_long_17.csv,776177,m,r,Readmission ,17,,,,,,ma_readmission_final_long_17
year 18,MA_Readmission_Final_long_18.csv,793906,m,r,Readmission ,18,,,,,,ma_readmission_final_long_18
year 15,MA_Mortality_Final_long_15.csv,309316,m,m,Mortality ,15,,,,,,ma_mortality_final_long_15
year 16,MA_Mortality_Final_long_16.csv,323579,m,m,Mortality ,16,,,,,,ma_mortality_final_long_16
year 17,MA_Mortality_Final_long_17.csv,346221,m,m,Mortality ,17,,,,,,ma_mortality_final_long_17
year 18,MA_Mortality_Final_long_18.csv,358083,m,m,Mortality ,18,,,,,,ma_mortality_final_long_18
"year 15, dual 0",MA_Admsn_Final_long_dual_0_15.csv,688884,m,n,Admission Type,15,,,,,0,ma_admsn_final_long_dual_0_15
"year 15, dual 1",MA_Admsn_Final_long_dual_1_15.csv,371564,m,n,Admission Type,15,,,,,1,ma_admsn_final_long_dual_1_15
"year 15, dual all",MA_Admsn_Final_long_dual_all_15.csv,786092,m,n,Admission Type,15,,,,,.,ma_admsn_final_long_dual_all_15
"year 16, dual 0",MA_Admsn_Final_long_dual_0_16.csv,702348,m,n,Admission Type,16,,,,,0,ma_admsn_final_long_dual_0_16
"year 16, dual 1",MA_Admsn_Final_long_dual_1_16.csv,394384,m,n,Admission Type,16,,,,,1,ma_admsn_final_long_dual_1_16
"year 16, dual all",MA_Admsn_Final_long_dual_all_16.csv,805092,m,n,Admission Type,16,,,,,.,ma_admsn_final_long_dual_all_16
"year 17, dual 0",MA_Admsn_Final_long_dual_0_17.csv,736468,m,n,Admission Type,17,,,,,0,ma_admsn_final_long_dual_0_17
"year 17, dual 1",MA_Admsn_Final_long_dual_1_17.csv,424264,m,n,Admission Type,17,,,,,1,ma_admsn_final_long_dual_1_17
"year 17, dual all",MA_Admsn_Final_long_dual_all_17.csv,842864,m,n,Admission Type,17,,,,,.,ma_admsn_final_long_dual_all_17
"year 18, dual 0",MA_Admsn_Final_long_dual_0_18.csv,758528,m,n,Admission Type,18,,,,,0,ma_admsn_final_long_dual_0_18
"year 18, dual 1",MA_Admsn_Final_long_dual_1_18.csv,457696,m,n,Admission Type,18,,,,,1,ma_admsn_final_long_dual_1_18
"year 18, dual all",MA_Admsn_Final_long_dual_all_18.csv,871296,m,n,Admission Type,18,,,,,.,ma_admsn_final_long_dual_all_18
"year 15, dual 0",MA_Dschrg_Final_long_dual_0_15.csv ,688884,m,d,Discharge Destination,15,,,,,0,ma_dschrg_final_long_dual_0_15
"year 15, dual 1",MA_Dschrg_Final_long_dual_1_15.csv ,371564,m,d,Discharge Destination,15,,,,,1,ma_dschrg_final_long_dual_1_15
"year 15, dual all",MA_Dschrg_Final_long_dual_all_15.csv ,786092,m,d,Discharge Destination,15,,,,,.,ma_dschrg_final_long_dual_all_15
"year 16, dual 0",MA_Dschrg_Final_long_dual_0_16.csv ,702348,m,d,Discharge Destination,16,,,,,0,ma_dschrg_final_long_dual_0_16
"year 16, dual 1",MA_Dschrg_Final_long_dual_1_16.csv ,394384,m,d,Discharge Destination,16,,,,,1,ma_dschrg_final_long_dual_1_16
"year 16, dual all",MA_Dschrg_Final_long_dual_all_16.csv ,805092,m,d,Discharge Destination,16,,,,,.,ma_dschrg_final_long_dual_all_16
"year 17, dual 0",MA_Dschrg_Final_long_dual_0_17.csv ,736468,m,d,Discharge Destination,17,,,,,0,ma_dschrg_final_long_dual_0_17
"year 17, dual 1",MA_Dschrg_Final_long_dual_1_17.csv ,424264,m,d,Discharge Destination,17,,,,,1,ma_dschrg_final_long_dual_1_17
"year 17, dual all",MA_Dschrg_Final_long_dual_all_17.csv ,842864,m,d,Discharge Destination,17,,,,,.,ma_dschrg_final_long_dual_all_17
"year 18, dual 0",MA_Dschrg_Final_long_dual_0_18.csv ,758528,m,d,Discharge Destination,18,,,,,0,ma_dschrg_final_long_18_ac
"year 18, dual 1",MA_Dschrg_Final_long_dual_1_18.csv ,457696,m,d,Discharge Destination,18,,,,,1,ma_dschrg_final_long_18_ac
"year 18, dual all",MA_Dschrg_Final_long_dual_all_18.csv ,871296,m,d,Discharge Destination,18,,,,,.,ma_dschrg_final_long_18_ac
year 15,MA_Ipdays_Final_long_15.csv ,578491,m,i,Inpatient Days,15,,,,,,ma_ipdays_final_long_15
year 16,MA_Ipdays_Final_long_16.csv ,596077,m,i,Inpatient Days,16,,,,,,ma_ipdays_final_long_16
year 17,MA_Ipdays_Final_long_17.csv ,627105,m,i,Inpatient Days,17,,,,,,ma_ipdays_final_long_17
year 18,MA_Ipdays_Final_long_18.csv ,652697,m,i,Inpatient Days,18,,,,,,ma_ipdays_final_long_18_ac
"year 15, sex 1",MA_PSI_Final_long_sex_1_15.csv ,309315,m,s,PSI,15,,,1,,,ma_psi_final_long_sex_1_15.
"year 15, sex 2",MA_PSI_Final_long_sex_2_15.csv ,346792,m,s,PSI,15,,,2,,,ma_psi_final_long_sex_2_15.
"year 15, sex all",MA_PSI_Final_long_sex_all_15.csv,526588,m,s,PSI,15,,,.,,,ma_psi_final_long_sex_all_15
"year 16, sex 1",MA_PSI_Final_long_sex_1_16.csv ,801256,m,s,PSI,16,,,1,,,ma_psi_final_long_sex_1_16.
"year 16, sex 2",MA_PSI_Final_long_sex_2_16.csv ,856494,m,s,PSI,16,,,2,,,ma_psi_final_long_sex_2_16.
"year 16, sex all",MA_PSI_Final_long_sex_all_16.csv,1197085,m,s,PSI,16,,,.,,,ma_psi_final_long_sex_all_16
"year 17, sex 1",MA_PSI_Final_long_sex_1_17.csv ,868540,m,s,PSI,17,,,1,,,ma_psi_final_long_sex_1_17.
"year 17, sex 2",MA_PSI_Final_long_sex_2_17.csv ,931470,m,s,PSI,17,,,2,,,ma_psi_final_long_sex_2_17.
"year 17, sex all",MA_PSI_Final_long_sex_all_17.csv,1287487,m,s,PSI,17,,,.,,,ma_psi_final_long_sex_all_17
"year 18, sex 1",MA_PSI_Final_long_sex_1_18.csv ,922067,m,s,PSI,18,,,1,,,ma_psi_final_long_sex_1_18.
"year 18, sex 2",MA_PSI_Final_long_sex_2_18.csv ,990609,m,s,PSI,18,,,2,,,ma_psi_final_long_sex_2_18.
"year 18, sex all",MA_PSI_Final_long_sex_all_18.csv,1356627,m,s,PSI,18,,,.,,,ma_psi_final_long_sex_all_18
,market_saturation.csv,0,f,o,Number of Providers,456789,,,,,,market_saturation
year 20,market_saturation.csv,0,f,o,Number of Providers,20,,,,,,market_saturation
year 21,market_saturation.csv,1,f,o,Number of Providers,21,,,,,,market_saturation
"year 21, dual 0",Admsn_Final_long_dual_0_21.csv,0,f,n,Admission Type,21,,,,,0,admsn_final_long_dual_0_21_f
"year 21, dual 1",Admsn_Final_long_dual_1_21.csv,0,f,n,Admission Type,21,,,,,1,admsn_final_long_dual_1_21_f
"year 21, dual all",Admsn_Final_long_dual_all_21.csv,0,f,n,Admission Type,21,,,,,.,admsn_final_long_dual_all_21_f
"year 21, dual 0",Dschrg_Final_long_dual_0_21.csv,0,f,d,Discharge Destination,21,,,,,0,dschrg_final_long_dual_0_21_f
"year 21, dual 1",Dschrg_Final_long_dual_1_21.csv,0,f,d,Discharge Destination,21,,,,,1,dschrg_final_long_dual_1_21_f
"year 21, dual all",Dschrg_Final_long_dual_all_21.csv,0,f,d,Discharge Destination,21,,,,,.,dschrg_final_long_dual_all_21_f
year 21,Ipdays_Final_long_21.csv,0,f,i,Inpatient Days,21,,,,,,ipdays_final_long_21_f
year 21,Mdcr_pmt_Final_long_21.csv,0,f,b,Medicare Reimbursement,21,,,,,,mdcr_pmt_final_long_21_f
"year 21, sex 1",PSI_Final_long_sex_1_21.csv,0,f,s,PSI,21,,,1,,,psi_final_long_sex_1_21_f
"year 21, sex 2",PSI_Final_long_sex_2_21.csv,0,f,s,PSI,21,,,2,,,psi_final_long_sex_2_21_f
"year 21, sex all",PSI_Final_long_sex_all_21.csv,0,f,s,PSI,21,,,.,,,psi_final_long_sex_all_21_f
,market_saturation.csv,0,f,u,Users Per Provider,456789,,,,,,market_saturation
year 20,market_saturation.csv,0,f,u,Users Per Provider,20,,,,,,market_saturation
year 21,market_saturation.csv,1,f,u,Users Per Provider,21,,,,,,market_saturation
year 20,SDOH,0,f,1,Percent with only high school diploma,20,,,,,,sdoh_countystatedata_2020
year 20,SDOH,0,f,2,Percent current on preventive services (65+) ,20,,,,,,sdoh_countystatedata_2020
year 20,SDOH,0,f,3,Particulate matter (PM2.5),20,,,,,,sdoh_countystatedata_2020
year 20,SDOH,0,f,4,Social Vulnerability Index (SVI),20,,,,,,sdoh_countystatedata_2020
year 20,SDOH,0,f,5,Median household income ,20,,,,,,sdoh_countystatedata_2020
year 20,SDOH,0,f,6,Percent owner-occupied housing units,20,,,,,,sdoh_countystatedata_2020
year 20,SDOH,0,f,7,Percent housing units with no vehicle,20,,,,,,sdoh_countystatedata_2020
year 22,,0,f,v,Prevalence,22,,2,,12,,prev_final_long_fltr12_racecat_2_22_f
year 22,,0,f,v,Prevalence,22,,4,,12,,prev_final_long_fltr12_racecat_4_22_f
year 22,,0,f,v,Prevalence,22,,5,,12,,prev_final_long_fltr12_racecat_5_22_f
year 22,,0,f,v,Prevalence,22,,6,,12,,prev_final_long_fltr12_racecat_6_22_f
year 22,,0,f,v,Prevalence,22,,.,1,12,,prev_final_long_fltr12_racecat_all_sexcat_1_22_f
year 22,,0,f,v,Prevalence,22,,.,2,12,,prev_final_long_fltr12_racecat_all_sexcat_2_22_f
year 22,,0,f,v,Prevalence,22,,.,.,12,,prev_final_long_fltr12_racecat_all_sexcat_all_22_f
year 22,,0,f,v,Prevalence,22,,1,1,12,,prev_final_long_fltr12_racecat_1_sexcat_1_22_f
year 22,,0,f,v,Prevalence,22,,1,2,12,,prev_final_long_fltr12_racecat_1_sexcat_2_22_f
year 22,,0,f,v,Prevalence,22,,1,.,12,,prev_final_long_fltr12_racecat_1_sexcat_all_22_f
year 22,,0,f,v,Prevalence,22,,2,,34,,prev_final_long_fltr34_racecat_2_22_f
year 22,,0,f,v,Prevalence,22,,4,,34,,prev_final_long_fltr34_racecat_4_22_f
year 22,,0,f,v,Prevalence,22,,5,,34,,prev_final_long_fltr34_racecat_5_22_f
year 22,,0,f,v,Prevalence,22,,6,,34,,prev_final_long_fltr34_racecat_6_22_f
year 22,,0,f,v,Prevalence,22,,.,1,34,,prev_final_long_fltr34_racecat_all_sexcat_1_22_f
year 22,,0,f,v,Prevalence,22,,.,2,34,,prev_final_long_fltr34_racecat_all_sexcat_2_22_f
year 22,,0,f,v,Prevalence,22,,.,.,34,,prev_final_long_fltr34_racecat_all_sexcat_all_22_f
year 22,,0,f,v,Prevalence,22,,1,1,34,,prev_final_long_fltr34_racecat_1_sexcat_1_22_f
year 22,,0,f,v,Prevalence,22,,1,2,34,,prev_final_long_fltr34_racecat_1_sexcat_2_22_f
year 22,,0,f,v,Prevalence,22,,1,.,34,,prev_final_long_fltr34_racecat_1_sexcat_all_22_f
year 22,,0,f,h,Hospitalization,22,,2,,12,,hosp_final_long_fltr12_racecat_2_22_f
year 22,,0,f,h,Hospitalization,22,,4,,12,,hosp_final_long_fltr12_racecat_4_22_f
year 22,,0,f,h,Hospitalization,22,,5,,12,,hosp_final_long_fltr12_racecat_5_22_f
year 22,,0,f,h,Hospitalization,22,,6,,12,,hosp_final_long_fltr12_racecat_6_22_f
year 22,,0,f,h,Hospitalization,22,,.,1,12,,hosp_final_long_fltr12_racecat_all_sexcat_1_22_f
year 22,,0,f,h,Hospitalization,22,,.,2,12,,hosp_final_long_fltr12_racecat_all_sexcat_2_22_f
year 22,,0,f,h,Hospitalization,22,,.,.,12,,hosp_final_long_fltr12_racecat_all_sexcat_all_22_f
year 22,,0,f,h,Hospitalization,22,,1,1,12,,hosp_final_long_fltr12_racecat_1_sexcat_1_22_f
year 22,,0,f,h,Hospitalization,22,,1,2,12,,hosp_final_long_fltr12_racecat_1_sexcat_2_22_f
year 22,,0,f,h,Hospitalization,22,,1,.,12,,hosp_final_long_fltr12_racecat_1_sexcat_all_22_f
year 22,,0,f,h,Hospitalization,22,,2,,34,,hosp_final_long_fltr34_racecat_2_22_f
year 22,,0,f,h,Hospitalization,22,,4,,34,,hosp_final_long_fltr34_racecat_4_22_f
year 22,,0,f,h,Hospitalization,22,,5,,34,,hosp_final_long_fltr34_racecat_5_22_f
year 22,,0,f,h,Hospitalization,22,,6,,34,,hosp_final_long_fltr34_racecat_6_22_f
year 22,,0,f,h,Hospitalization,22,,.,1,34,,hosp_final_long_fltr34_racecat_all_sexcat_1_22_f
year 22,,0,f,h,Hospitalization,22,,.,2,34,,hosp_final_long_fltr34_racecat_all_sexcat_2_22_f
year 22,,0,f,h,Hospitalization,22,,.,.,34,,hosp_final_long_fltr34_racecat_all_sexcat_all_22_f
year 22,,0,f,h,Hospitalization,22,,1,1,34,,hosp_final_long_fltr34_racecat_1_sexcat_1_22_f
year 22,,0,f,h,Hospitalization,22,,1,2,34,,hosp_final_long_fltr34_racecat_1_sexcat_2_22_f
year 22,,0,f,h,Hospitalization,22,,1,.,34,,hosp_final_long_fltr34_racecat_1_sexcat_all_22_f
year 22,,0,f,e,Emergency Room,22,,2,,12,,ed_final_long_fltr12_racecat_2_22_f
year 22,,0,f,e,Emergency Room,22,,4,,12,,ed_final_long_fltr12_racecat_4_22_f
year 22,,0,f,e,Emergency Room,22,,5,,12,,ed_final_long_fltr12_racecat_5_22_f
year 22,,0,f,e,Emergency Room,22,,6,,12,,ed_final_long_fltr12_racecat_6_22_f
year 22,,0,f,e,Emergency Room,22,,.,1,12,,ed_final_long_fltr12_racecat_all_sexcat_1_22_f
year 22,,0,f,e,Emergency Room,22,,.,2,12,,ed_final_long_fltr12_racecat_all_sexcat_2_22_f
year 22,,0,f,e,Emergency Room,22,,.,.,12,,ed_final_long_fltr12_racecat_all_sexcat_all_22_f
year 22,,0,f,e,Emergency Room,22,,1,,12,0,ed_final_long_fltr12_racecat_1_dual_0_22_f
year 22,,0,f,e,Emergency Room,22,,1,,12,1,ed_final_long_fltr12_racecat_1_dual_1_22_f
year 22,,0,f,e,Emergency Room,22,,1,,12,.,ed_final_long_fltr12_racecat_1_dual_all_22_f
year 22,,0,f,e,Emergency Room,22,,2,,34,,ed_final_long_fltr34_racecat_2_22_f
year 22,,0,f,e,Emergency Room,22,,4,,34,,ed_final_long_fltr34_racecat_4_22_f
year 22,,0,f,e,Emergency Room,22,,5,,34,,ed_final_long_fltr34_racecat_5_22_f
year 22,,0,f,e,Emergency Room,22,,6,,34,,ed_final_long_fltr34_racecat_6_22_f
year 22,,0,f,e,Emergency Room,22,,.,1,34,,ed_final_long_fltr34_racecat_all_sexcat_1_22_f
year 22,,0,f,e,Emergency Room,22,,.,2,34,,ed_final_long_fltr34_racecat_all_sexcat_2_22_f
year 22,,0,f,e,Emergency Room,22,,.,.,34,,ed_final_long_fltr34_racecat_all_sexcat_all_22_f
year 22,,0,f,e,Emergency Room,22,,1,,34,0,ed_final_long_fltr34_racecat_1_dual_0_22_f
year 22,,0,f,e,Emergency Room,22,,1,,34,1,ed_final_long_fltr34_racecat_1_dual_1_22_f
year 22,,0,f,e,Emergency Room,22,,1,,34,.,ed_final_long_fltr34_racecat_1_dual_all_22_f
year 22,,0,f,t,Total Cost,22,,,,,0,totalcost_final_long_dual_0_22_f
year 22,,0,f,t,Total Cost,22,,,,,1,totalcost_final_long_dual_1_22_f
year 22,,0,f,t,Total Cost,22,,,,,.,totalcost_final_long_dual_all_22_f
year 22,,0,f,a,Risk-Adjusted Cost,22,,,,,0,riskcost_final_long_dual_0_22_f
year 22,,0,f,a,Risk-Adjusted Cost,22,,,,,1,riskcost_final_long_dual_1_22_f
year 22,,0,f,a,Risk-Adjusted Cost,22,,,,,.,riskcost_final_long_dual_all_22_f
year 22,,0,f,p,Principal Cost,22,,,,,0,principalcost_final_long_dual_0_22_f
year 22,,0,f,p,Principal Cost,22,,,,,1,principalcost_final_long_dual_1_22_f
year 22,,0,f,p,Principal Cost,22,,,,,.,principalcost_final_long_dual_all_22_f
year 22,,0,f,c,Preventive Care,22,2,,,,,precare_final_long_eligcat_2_22_f
year 22,,0,f,c,Preventive Care,22,3,,,,,precare_final_long_eligcat_3_22_f
year 22,,0,f,c,Preventive Care,22,.,,,,0,precare_final_long_eligcat_all_dual_0_22_f
year 22,,0,f,c,Preventive Care,22,.,,,,1,precare_final_long_eligcat_all_dual_1_22_f
year 22,,0,f,c,Preventive Care,22,.,,,,.,precare_final_long_eligcat_all_dual_all_22_f
year 22,,0,f,c,Preventive Care,22,0,,,,0,precare_final_long_eligcat_0_dual_0_22_f
year 22,,0,f,c,Preventive Care,22,0,,,,1,precare_final_long_eligcat_0_dual_1_22_f
year 22,,0,f,c,Preventive Care,22,0,,,,.,precare_final_long_eligcat_0_dual_all_22_f
year 22,,0,f,c,Preventive Care,22,1,,,,0,precare_final_long_eligcat_1_dual_0_22_f
year 22,,0,f,c,Preventive Care,22,1,,,,1,precare_final_long_eligcat_1_dual_1_22_f
year 22,,0,f,c,Preventive Care,22,1,,,,.,precare_final_long_eligcat_1_dual_all_22_f
year 22,,0,f,q,PQI,22,,,,,,pqi_final_long_year_22_f
year 22,,0,f,r,Readmission,22,,,,,,readmission_final_long_22_f
year 22,,0,f,m,Mortality,22,,,,,,mortality_final_long_22_f
year 22,market_saturation.csv,0,f,o,Number of Providers,22,,,,,,market_saturation_2022
year 22,market_saturation.csv,0,f,u,Users Per Provider,22,,,,,,market_saturation_2022
year 22,,0,f,n,Admission Type,22,,,,,0,admsn_final_long_dual_0_22_f
year 22,,0,f,n,Admission Type,22,,,,,1,admsn_final_long_dual_1_22_f
year 22,,0,f,n,Admission Type,22,,,,,.,admsn_final_long_dual_all_22_f
year 22,,0,f,d,Discharge Destination,22,,,,,0,dschrg_final_long_dual_0_22_f
year 22,,0,f,d,Discharge Destination,22,,,,,1,dschrg_final_long_dual_1_22_f
year 22,,0,f,d,Discharge Destination,22,,,,,.,dschrg_final_long_dual_all_22_f
year 22,,0,f,i,Inpatient Days,22,,,,,,ipdays_final_long_22_f
year 22,,0,f,b,Medicare Reimbursement,22,,,,,,mdcr_pmt_final_long_22_f
year 22,,0,f,s,PSI,22,,,1,,,psi_final_long_sex_1_22_f
year 22,,0,f,s,PSI,22,,,2,,,psi_final_long_sex_2_22_f
year 22,,0,f,s,PSI,22,,,.,,,psi_final_long_sex_all_22_f
year 19,,0,m,h,Hospitalization,19,,,,,,ma_hosp_final_long_19_ac
year 19,,0,m,d,Discharge Destination,19,,,,,,ma_dschrg_final_long_19_ac
year 19,,0,m,i,Inpatient Days,19,,,,,,ma_ipdays_final_long_19_ac
year 23,,,f,v,Prevalence,23,,2,,12,,prev_final_long_fltr12_racecat_2_23_p
year 23,,,f,v,Prevalence,23,,4,,12,,prev_final_long_fltr12_racecat_4_23_p
year 23,,,f,v,Prevalence,23,,5,,12,,prev_final_long_fltr12_racecat_5_23_p
year 23,,,f,v,Prevalence,23,,6,,12,,prev_final_long_fltr12_racecat_6_23_p
year 23,,,f,v,Prevalence,23,,.,1,12,,prev_final_long_fltr12_racecat_all_sexcat_1_23_p
year 23,,,f,v,Prevalence,23,,.,2,12,,prev_final_long_fltr12_racecat_all_sexcat_2_23_p
year 23,,,f,v,Prevalence,23,,.,.,12,,prev_final_long_fltr12_racecat_all_sexcat_all_23_p
year 23,,,f,v,Prevalence,23,,1,1,12,,prev_final_long_fltr12_racecat_1_sexcat_1_23_p
year 23,,,f,v,Prevalence,23,,1,2,12,,prev_final_long_fltr12_racecat_1_sexcat_2_23_p
year 23,,,f,v,Prevalence,23,,1,.,12,,prev_final_long_fltr12_racecat_1_sexcat_all_23_p
year 23,,,f,v,Prevalence,23,,2,,34,,prev_final_long_fltr34_racecat_2_23_p
year 23,,,f,v,Prevalence,23,,4,,34,,prev_final_long_fltr34_racecat_4_23_p
year 23,,,f,v,Prevalence,23,,5,,34,,prev_final_long_fltr34_racecat_5_23_p
year 23,,,f,v,Prevalence,23,,6,,34,,prev_final_long_fltr34_racecat_6_23_p
year 23,,,f,v,Prevalence,23,,.,1,34,,prev_final_long_fltr34_racecat_all_sexcat_1_23_p
year 23,,,f,v,Prevalence,23,,.,2,34,,prev_final_long_fltr34_racecat_all_sexcat_2_23_p
year 23,,,f,v,Prevalence,23,,.,.,34,,prev_final_long_fltr34_racecat_all_sexcat_all_23_p
year 23,,,f,v,Prevalence,23,,1,1,34,,prev_final_long_fltr34_racecat_1_sexcat_1_23_p
year 23,,,f,v,Prevalence,23,,1,2,34,,prev_final_long_fltr34_racecat_1_sexcat_2_23_p
year 23,,,f,v,Prevalence,23,,1,.,34,,prev_final_long_fltr34_racecat_1_sexcat_all_23_p
year 23,,,f,h,Hospitalization,23,,2,,12,,hosp_final_long_fltr12_racecat_2_23_p
year 23,,,f,h,Hospitalization,23,,4,,12,,hosp_final_long_fltr12_racecat_4_23_p
year 23,,,f,h,Hospitalization,23,,5,,12,,hosp_final_long_fltr12_racecat_5_23_p
year 23,,,f,h,Hospitalization,23,,6,,12,,hosp_final_long_fltr12_racecat_6_23_p
year 23,,,f,h,Hospitalization,23,,.,1,12,,hosp_final_long_fltr12_racecat_all_sexcat_1_23_p
year 23,,,f,h,Hospitalization,23,,.,2,12,,hosp_final_long_fltr12_racecat_all_sexcat_2_23_p
year 23,,,f,h,Hospitalization,23,,.,.,12,,hosp_final_long_fltr12_racecat_all_sexcat_all_23_p
year 23,,,f,h,Hospitalization,23,,1,1,12,,hosp_final_long_fltr12_racecat_1_sexcat_1_23_p
year 23,,,f,h,Hospitalization,23,,1,2,12,,hosp_final_long_fltr12_racecat_1_sexcat_2_23_p
year 23,,,f,h,Hospitalization,23,,1,.,12,,hosp_final_long_fltr12_racecat_1_sexcat_all_23_p
year 23,,,f,h,Hospitalization,23,,2,,34,,hosp_final_long_fltr34_racecat_2_23_p
year 23,,,f,h,Hospitalization,23,,4,,34,,hosp_final_long_fltr34_racecat_4_23_p
year 23,,,f,h,Hospitalization,23,,5,,34,,hosp_final_long_fltr34_racecat_5_23_p
year 23,,,f,h,Hospitalization,23,,6,,34,,hosp_final_long_fltr34_racecat_6_23_p
year 23,,,f,h,Hospitalization,23,,.,1,34,,hosp_final_long_fltr34_racecat_all_sexcat_1_23_p
year 23,,,f,h,Hospitalization,23,,.,2,34,,hosp_final_long_fltr34_racecat_all_sexcat_2_23_p
year 23,,,f,h,Hospitalization,23,,.,.,34,,hosp_final_long_fltr34_racecat_all_sexcat_all_23_p
year 23,,,f,h,Hospitalization,23,,1,1,34,,hosp_final_long_fltr34_racecat_1_sexcat_1_23_p
year 23,,,f,h,Hospitalization,23,,1,2,34,,hosp_final_long_fltr34_racecat_1_sexcat_2_23_p
year 23,,,f,h,Hospitalization,23,,1,.,34,,hosp_final_long_fltr34_racecat_1_sexcat_all_23_p
year 23,,,f,e,Emergency Department Visit Rate,23,,2,,12,,ed_final_long_fltr12_racecat_2_23_p
year 23,,,f,e,Emergency Department Visit Rate,23,,4,,12,,ed_final_long_fltr12_racecat_4_23_p
year 23,,,f,e,Emergency Department Visit Rate,23,,5,,12,,ed_final_long_fltr12_racecat_5_23_p
year 23,,,f,e,Emergency Department Visit Rate,23,,6,,12,,ed_final_long_fltr12_racecat_6_23_p
year 23,,,f,e,Emergency Department Visit Rate,23,,.,1,12,,ed_final_long_fltr12_racecat_all_sexcat_1_23_p
year 23,,,f,e,Emergency Department Visit Rate,23,,.,2,12,,ed_final_long_fltr12_racecat_all_sexcat_2_23_p
year 23,,,f,e,Emergency Department Visit Rate,23,,.,.,12,,ed_final_long_fltr12_racecat_all_sexcat_all_23_p
year 23,,,f,e,Emergency Department Visit Rate,23,,1,,12,0,ed_final_long_fltr12_racecat_1_dual_0_23_p
year 23,,,f,e,Emergency Department Visit Rate,23,,1,,12,1,ed_final_long_fltr12_racecat_1_dual_1_23_p
year 23,,,f,e,Emergency Department Visit Rate,23,,1,,12,.,ed_final_long_fltr12_racecat_1_dual_all_23_p
year 23,,,f,e,Emergency Department Visit Rate,23,,2,,34,,ed_final_long_fltr34_racecat_2_23_p
year 23,,,f,e,Emergency Department Visit Rate,23,,4,,34,,ed_final_long_fltr34_racecat_4_23_p
year 23,,,f,e,Emergency Department Visit Rate,23,,5,,34,,ed_final_long_fltr34_racecat_5_23_p
year 23,,,f,e,Emergency Department Visit Rate,23,,6,,34,,ed_final_long_fltr34_racecat_6_23_p
year 23,,,f,e,Emergency Department Visit Rate,23,,.,1,34,,ed_final_long_fltr34_racecat_all_sexcat_1_23_p
year 23,,,f,e,Emergency Department Visit Rate,23,,.,2,34,,ed_final_long_fltr34_racecat_all_sexcat_2_23_p
year 23,,,f,e,Emergency Department Visit Rate,23,,.,.,34,,ed_final_long_fltr34_racecat_all_sexcat_all_23_p
year 23,,,f,e,Emergency Department Visit Rate,23,,1,,34,0,ed_final_long_fltr34_racecat_1_dual_0_23_p
year 23,,,f,e,Emergency Department Visit Rate,23,,1,,34,1,ed_final_long_fltr34_racecat_1_dual_1_23_p
year 23,,,f,e,Emergency Department Visit Rate,23,,1,,34,.,ed_final_long_fltr34_racecat_1_dual_all_23_p
year 23,,,f,t,Total Cost,23,,,,,0,totalcost_final_long_dual_0_23_p
year 23,,,f,t,Total Cost,23,,,,,1,totalcost_final_long_dual_1_23_p
year 23,,,f,t,Total Cost,23,,,,,.,totalcost_final_long_dual_all_23_p
year 23,,,f,a,Risk-Adjusted Cost,23,,,,,0,riskcost_final_long_dual_0_23_p
year 23,,,f,a,Risk-Adjusted Cost,23,,,,,1,riskcost_final_long_dual_1_23_p
year 23,,,f,a,Risk-Adjusted Cost,23,,,,,.,riskcost_final_long_dual_all_23_p
year 23,,,f,p,Principal Cost,23,,,,,0,principalcost_final_long_dual_0_23_p
year 23,,,f,p,Principal Cost,23,,,,,1,principalcost_final_long_dual_1_23_p
year 23,,,f,p,Principal Cost,23,,,,,.,principalcost_final_long_dual_all_23_p
year 23,,,f,c,Preventive Care,23,2,,,,,precare_final_long_eligcat_2_23_p
year 23,,,f,c,Preventive Care,23,3,,,,,precare_final_long_eligcat_3_23_p
year 23,,,f,c,Preventive Care,23,.,,,,0,precare_final_long_eligcat_all_dual_0_23_p
year 23,,,f,c,Preventive Care,23,.,,,,1,precare_final_long_eligcat_all_dual_1_23_p
year 23,,,f,c,Preventive Care,23,.,,,,.,precare_final_long_eligcat_all_dual_all_23_p
year 23,,,f,c,Preventive Care,23,0,,,,0,precare_final_long_eligcat_0_dual_0_23_p
year 23,,,f,c,Preventive Care,23,0,,,,1,precare_final_long_eligcat_0_dual_1_23_p
year 23,,,f,c,Preventive Care,23,0,,,,.,precare_final_long_eligcat_0_dual_all_23_p
year 23,,,f,c,Preventive Care,23,1,,,,0,precare_final_long_eligcat_1_dual_0_23_p
year 23,,,f,c,Preventive Care,23,1,,,,1,precare_final_long_eligcat_1_dual_1_23_p
year 23,,,f,c,Preventive Care,23,1,,,,.,precare_final_long_eligcat_1_dual_all_23_p
year 23,,,f,q,PQI,23,,,,,,pqi_final_long_year_23_p
year 23,,,f,m,Mortality,23,,,,,,mortality_final_long_23_p
year 23,,,f,r,Readmission,23,,,,,,readmission_final_long_23_p